ubig_inei,departamento,provincia,distrito,ubig_reniec
010101,AMAZONAS,CHACHAPOYAS,CHACHAPOYAS,010101
010102,AMAZONAS,CHACHAPOYAS,ASUNCION,010102
010103,AMAZONAS,CHACHAPOYAS,BALSAS,010103
010104,AMAZONAS,CHACHAPOYAS,CHETO,010104
010105,AMAZONAS,CHACHAPOYAS,CHILIQUIN,010105
010106,AMAZONAS,CHACHAPOYAS,CHUQUIBAMBA,010106
010107,AMAZONAS,CHACHAPOYAS,GRANADA,010107
010108,AMAZONAS,CHACHAPOYAS,HUANCAS,010108
010109,AMAZONAS,CHACHAPOYAS,LA JALCA,010109
010110,AMAZONAS,CHACHAPOYAS,LEIMEBAMBA,010110
010111,AMAZONAS,CHACHAPOYAS,LEVANTO,010111
010112,AMAZONAS,CHACHAPOYAS,MAGDALENA,010112
010113,AMAZONAS,CHACHAPOYAS,MARISCAL CASTILLA,010113
010114,AMAZONAS,CHACHAPOYAS,MOLINOPAMPA,010114
010115,AMAZONAS,CHACHAPOYAS,MONTEVIDEO,010115
010116,AMAZONAS,CHACHAPOYAS,OLLEROS,010116
010117,AMAZONAS,CHACHAPOYAS,QUINJALCA,010117
010118,AMAZONAS,CHACHAPOYAS,SAN FRANCISCO DE DAGUAS,010118
010119,AMAZONAS,CHACHAPOYAS,SAN ISIDRO DE MAINO,010119
010120,AMAZONAS,CHACHAPOYAS,SOLOCO,010120
010121,AMAZONAS,CHACHAPOYAS,SONCHE,010121
010201,AMAZONAS,BAGUA,BAGUA,010205
010202,AMAZONAS,BAGUA,ARAMANGO,010202
010203,AMAZONAS,BAGUA,COPALLIN,010203
010204,AMAZONAS,BAGUA,EL PARCO,010204
010205,AMAZONAS,BAGUA,IMAZA,010206
010206,AMAZONAS,BAGUA,LA PECA,010201
010301,AMAZONAS,BONGARA,JUMBILLA,010301
010302,AMAZONAS,BONGARA,CHISQUILLA,010304
010303,AMAZONAS,BONGARA,CHURUJA,010305
010304,AMAZONAS,BONGARA,COROSHA,010302
010305,AMAZONAS,BONGARA,CUISPES,010303
010306,AMAZONAS,BONGARA,FLORIDA,010306
010307,AMAZONAS,BONGARA,JAZAN,010312
010308,AMAZONAS,BONGARA,RECTA,010307
010309,AMAZONAS,BONGARA,SAN CARLOS,010308
010310,AMAZONAS,BONGARA,SHIPASBAMBA,010309
010311,AMAZONAS,BONGARA,VALERA,010310
010312,AMAZONAS,BONGARA,YAMBRASBAMBA,010311
010401,AMAZONAS,CONDORCANQUI,NIEVA,010601
010402,AMAZONAS,CONDORCANQUI,EL CENEPA,010603
010403,AMAZONAS,CONDORCANQUI,RIO SANTIAGO,010602
010501,AMAZONAS,LUYA,LAMUD,010401
010502,AMAZONAS,LUYA,CAMPORREDONDO,010402
010503,AMAZONAS,LUYA,COCABAMBA,010403
010504,AMAZONAS,LUYA,COLCAMAR,010404
010505,AMAZONAS,LUYA,CONILA,010405
010506,AMAZONAS,LUYA,INGUILPATA,010406
010507,AMAZONAS,LUYA,LONGUITA,010407
010508,AMAZONAS,LUYA,LONYA CHICO,010408
010509,AMAZONAS,LUYA,LUYA,010409
010510,AMAZONAS,LUYA,LUYA VIEJO,010410
010511,AMAZONAS,LUYA,MARIA,010411
010512,AMAZONAS,LUYA,OCALLI,010412
010513,AMAZONAS,LUYA,OCUMAL,010413
010514,AMAZONAS,LUYA,PISUQUIA,010414
010515,AMAZONAS,LUYA,PROVIDENCIA,010423
010516,AMAZONAS,LUYA,SAN CRISTOBAL,010415
010517,AMAZONAS,LUYA,SAN FRANCISCO DEL YESO,010416
010518,AMAZONAS,LUYA,SAN JERONIMO,010417
010519,AMAZONAS,LUYA,SAN JUAN DE LOPECANCHA,010418
010520,AMAZONAS,LUYA,SANTA CATALINA,010419
010521,AMAZONAS,LUYA,SANTO TOMAS,010420
010522,AMAZONAS,LUYA,TINGO,010421
010523,AMAZONAS,LUYA,TRITA,010422
010601,AMAZONAS,RODRIGUEZ DE MENDOZA,SAN NICOLAS,010501
010602,AMAZONAS,RODRIGUEZ DE MENDOZA,CHIRIMOTO,010503
010603,AMAZONAS,RODRIGUEZ DE MENDOZA,COCHAMAL,010502
010604,AMAZONAS,RODRIGUEZ DE MENDOZA,HUAMBO,010504
010605,AMAZONAS,RODRIGUEZ DE MENDOZA,LIMABAMBA,010505
010606,AMAZONAS,RODRIGUEZ DE MENDOZA,LONGAR,010506
010607,AMAZONAS,RODRIGUEZ DE MENDOZA,MARISCAL BENAVIDES,010508
010608,AMAZONAS,RODRIGUEZ DE MENDOZA,MILPUC,010507
010609,AMAZONAS,RODRIGUEZ DE MENDOZA,OMIA,010509
010610,AMAZONAS,RODRIGUEZ DE MENDOZA,SANTA ROSA,010510
010611,AMAZONAS,RODRIGUEZ DE MENDOZA,TOTORA,010511
010612,AMAZONAS,RODRIGUEZ DE MENDOZA,VISTA ALEGRE,010512
010701,AMAZONAS,UTCUBAMBA,BAGUA GRANDE,010701
010702,AMAZONAS,UTCUBAMBA,CAJARURO,010702
010703,AMAZONAS,UTCUBAMBA,CUMBA,010703
010704,AMAZONAS,UTCUBAMBA,EL MILAGRO,010704
010705,AMAZONAS,UTCUBAMBA,JAMALCA,010705
010706,AMAZONAS,UTCUBAMBA,LONYA GRANDE,010706
010707,AMAZONAS,UTCUBAMBA,YAMON,010707
020101,ANCASH,HUARAZ,HUARAZ,020101
020102,ANCASH,HUARAZ,COCHABAMBA,020103
020103,ANCASH,HUARAZ,COLCABAMBA,020104
020104,ANCASH,HUARAZ,HUANCHAY,020105
020105,ANCASH,HUARAZ,INDEPENDENCIA,020102
020106,ANCASH,HUARAZ,JANGAS,020106
020107,ANCASH,HUARAZ,LA LIBERTAD,020107
020108,ANCASH,HUARAZ,OLLEROS,020108
020109,ANCASH,HUARAZ,PAMPAS GRANDE,020109
020110,ANCASH,HUARAZ,PARIACOTO,020110
020111,ANCASH,HUARAZ,PIRA,020111
020112,ANCASH,HUARAZ,TARICA,020112
020201,ANCASH,AIJA,AIJA,020201
020202,ANCASH,AIJA,CORIS,020203
020203,ANCASH,AIJA,HUACLLAN,020205
020204,ANCASH,AIJA,LA MERCED,020206
020205,ANCASH,AIJA,SUCCHA,020208
020301,ANCASH,ANTONIO RAYMONDI,LLAMELLIN,021601
020302,ANCASH,ANTONIO RAYMONDI,ACZO,021602
020303,ANCASH,ANTONIO RAYMONDI,CHACCHO,021603
020304,ANCASH,ANTONIO RAYMONDI,CHINGAS,021604
020305,ANCASH,ANTONIO RAYMONDI,MIRGAS,021605
020306,ANCASH,ANTONIO RAYMONDI,SAN JUAN DE RONTOY,021606
020401,ANCASH,ASUNCION,CHACAS,021801
020402,ANCASH,ASUNCION,ACOCHACA,021802
020501,ANCASH,BOLOGNESI,CHIQUIAN,020301
020502,ANCASH,BOLOGNESI,ABELARDO PARDO LEZAMETA,020302
020503,ANCASH,BOLOGNESI,ANTONIO RAYMONDI,020321
020504,ANCASH,BOLOGNESI,AQUIA,020304
020505,ANCASH,BOLOGNESI,CAJACAY,020305
020506,ANCASH,BOLOGNESI,CANIS,020322
020507,ANCASH,BOLOGNESI,COLQUIOC,020323
020508,ANCASH,BOLOGNESI,HUALLANCA,020325
020509,ANCASH,BOLOGNESI,HUASTA,020311
020510,ANCASH,BOLOGNESI,HUAYLLACAYAN,020310
020511,ANCASH,BOLOGNESI,LA PRIMAVERA,020324
020512,ANCASH,BOLOGNESI,MANGAS,020313
020513,ANCASH,BOLOGNESI,PACLLON,020315
020514,ANCASH,BOLOGNESI,SAN MIGUEL DE CORPANQUI,020317
020515,ANCASH,BOLOGNESI,TICLLOS,020320
020601,ANCASH,CARHUAZ,CARHUAZ,020401
020602,ANCASH,CARHUAZ,ACOPAMPA,020402
020603,ANCASH,CARHUAZ,AMASHCA,020403
020604,ANCASH,CARHUAZ,ANTA,020404
020605,ANCASH,CARHUAZ,ATAQUERO,020405
020606,ANCASH,CARHUAZ,MARCARA,020406
020607,ANCASH,CARHUAZ,PARIAHUANCA,020407
020608,ANCASH,CARHUAZ,SAN MIGUEL DE ACO,020408
020609,ANCASH,CARHUAZ,SHILLA,020409
020610,ANCASH,CARHUAZ,TINCO,020410
020611,ANCASH,CARHUAZ,YUNGAR,020411
020701,ANCASH,CARLOS FERMIN FITZCARRALD,SAN LUIS,021701
020702,ANCASH,CARLOS FERMIN FITZCARRALD,SAN NICOLAS,021703
020703,ANCASH,CARLOS FERMIN FITZCARRALD,YAUYA,021702
020801,ANCASH,CASMA,CASMA,020501
020802,ANCASH,CASMA,BUENA VISTA ALTA,020502
020803,ANCASH,CASMA,COMANDANTE NOEL,020503
020804,ANCASH,CASMA,YAUTAN,020505
020901,ANCASH,CORONGO,CORONGO,020601
020902,ANCASH,CORONGO,ACO,020602
020903,ANCASH,CORONGO,BAMBAS,020603
020904,ANCASH,CORONGO,CUSCA,020604
020905,ANCASH,CORONGO,LA PAMPA,020605
020906,ANCASH,CORONGO,YANAC,020606
020907,ANCASH,CORONGO,YUPAN,020607
021001,ANCASH,HUARI,HUARI,020801
021002,ANCASH,HUARI,ANRA,020816
021003,ANCASH,HUARI,CAJAY,020802
021004,ANCASH,HUARI,CHAVIN DE HUANTAR,020803
021005,ANCASH,HUARI,HUACACHI,020804
021006,ANCASH,HUARI,HUACCHIS,020806
021007,ANCASH,HUARI,HUACHIS,020805
021008,ANCASH,HUARI,HUANTAR,020807
021009,ANCASH,HUARI,MASIN,020808
021010,ANCASH,HUARI,PAUCAS,020809
021011,ANCASH,HUARI,PONTO,020810
021012,ANCASH,HUARI,RAHUAPAMPA,020811
021013,ANCASH,HUARI,RAPAYAN,020812
021014,ANCASH,HUARI,SAN MARCOS,020813
021015,ANCASH,HUARI,SAN PEDRO DE CHANA,020814
021016,ANCASH,HUARI,UCO,020815
021101,ANCASH,HUARMEY,HUARMEY,021901
021102,ANCASH,HUARMEY,COCHAPETI,021902
021103,ANCASH,HUARMEY,CULEBRAS,021905
021104,ANCASH,HUARMEY,HUAYAN,021903
021105,ANCASH,HUARMEY,MALVAS,021904
021201,ANCASH,HUAYLAS,CARAZ,020701
021202,ANCASH,HUAYLAS,HUALLANCA,020702
021203,ANCASH,HUAYLAS,HUATA,020703
021204,ANCASH,HUAYLAS,HUAYLAS,020704
021205,ANCASH,HUAYLAS,MATO,020705
021206,ANCASH,HUAYLAS,PAMPAROMAS,020706
021207,ANCASH,HUAYLAS,PUEBLO LIBRE,020707
021208,ANCASH,HUAYLAS,SANTA CRUZ,020708
021209,ANCASH,HUAYLAS,SANTO TORIBIO,020710
021210,ANCASH,HUAYLAS,YURACMARCA,020709
021301,ANCASH,MARISCAL LUZURIAGA,PISCOBAMBA,020901
021302,ANCASH,MARISCAL LUZURIAGA,CASCA,020902
021303,ANCASH,MARISCAL LUZURIAGA,ELEAZAR GUZMAN BARRON,020908
021304,ANCASH,MARISCAL LUZURIAGA,FIDEL OLIVAS ESCUDERO,020904
021305,ANCASH,MARISCAL LUZURIAGA,LLAMA,020905
021306,ANCASH,MARISCAL LUZURIAGA,LLUMPA,020906
021307,ANCASH,MARISCAL LUZURIAGA,LUCMA,020903
021308,ANCASH,MARISCAL LUZURIAGA,MUSGA,020907
021401,ANCASH,OCROS,OCROS,022007
021402,ANCASH,OCROS,ACAS,022001
021403,ANCASH,OCROS,CAJAMARQUILLA,022002
021404,ANCASH,OCROS,CARHUAPAMPA,022003
021405,ANCASH,OCROS,COCHAS,022004
021406,ANCASH,OCROS,CONGAS,022005
021407,ANCASH,OCROS,LLIPA,022006
021408,ANCASH,OCROS,SAN CRISTOBAL DE RAJAN,022008
021409,ANCASH,OCROS,SAN PEDRO,022009
021410,ANCASH,OCROS,SANTIAGO DE CHILCAS,022010
021501,ANCASH,PALLASCA,CABANA,021001
021502,ANCASH,PALLASCA,BOLOGNESI,021002
021503,ANCASH,PALLASCA,CONCHUCOS,021003
021504,ANCASH,PALLASCA,HUACASCHUQUE,021004
021505,ANCASH,PALLASCA,HUANDOVAL,021005
021506,ANCASH,PALLASCA,LACABAMBA,021006
021507,ANCASH,PALLASCA,LLAPO,021007
021508,ANCASH,PALLASCA,PALLASCA,021008
021509,ANCASH,PALLASCA,PAMPAS,021009
021510,ANCASH,PALLASCA,SANTA ROSA,021010
021511,ANCASH,PALLASCA,TAUCA,021011
021601,ANCASH,POMABAMBA,POMABAMBA,021101
021602,ANCASH,POMABAMBA,HUAYLLAN,021102
021603,ANCASH,POMABAMBA,PAROBAMBA,021103
021604,ANCASH,POMABAMBA,QUINUABAMBA,021104
021701,ANCASH,RECUAY,RECUAY,021201
021702,ANCASH,RECUAY,CATAC,021210
021703,ANCASH,RECUAY,COTAPARACO,021202
021704,ANCASH,RECUAY,HUAYLLAPAMPA,021203
021705,ANCASH,RECUAY,LLACLLIN,021209
021706,ANCASH,RECUAY,MARCA,021204
021707,ANCASH,RECUAY,PAMPAS CHICO,021205
021708,ANCASH,RECUAY,PARARIN,021206
021709,ANCASH,RECUAY,TAPACOCHA,021207
021710,ANCASH,RECUAY,TICAPAMPA,021208
021801,ANCASH,SANTA,CHIMBOTE,021301
021802,ANCASH,SANTA,CACERES DEL PERU,021302
021803,ANCASH,SANTA,COISHCO,021308
021804,ANCASH,SANTA,MACATE,021303
021805,ANCASH,SANTA,MORO,021304
021806,ANCASH,SANTA,NEPEÑA,021305
021807,ANCASH,SANTA,SAMANCO,021306
021808,ANCASH,SANTA,SANTA,021307
021809,ANCASH,SANTA,NUEVO CHIMBOTE,021309
021901,ANCASH,SIHUAS,SIHUAS,021401
021902,ANCASH,SIHUAS,ACOBAMBA,021407
021903,ANCASH,SIHUAS,ALFONSO UGARTE,021402
021904,ANCASH,SIHUAS,CASHAPAMPA,021408
021905,ANCASH,SIHUAS,CHINGALPO,021403
021906,ANCASH,SIHUAS,HUAYLLABAMBA,021404
021907,ANCASH,SIHUAS,QUICHES,021405
021908,ANCASH,SIHUAS,RAGASH,021409
021909,ANCASH,SIHUAS,SAN JUAN,021410
021910,ANCASH,SIHUAS,SICSIBAMBA,021406
022001,ANCASH,YUNGAY,YUNGAY,021501
022002,ANCASH,YUNGAY,CASCAPARA,021502
022003,ANCASH,YUNGAY,MANCOS,021503
022004,ANCASH,YUNGAY,MATACOTO,021504
022005,ANCASH,YUNGAY,QUILLO,021505
022006,ANCASH,YUNGAY,RANRAHIRCA,021506
022007,ANCASH,YUNGAY,SHUPLUY,021507
022008,ANCASH,YUNGAY,YANAMA,021508
030101,APURIMAC,ABANCAY,ABANCAY,030101
030102,APURIMAC,ABANCAY,CHACOCHE,030104
030103,APURIMAC,ABANCAY,CIRCA,030102
030104,APURIMAC,ABANCAY,CURAHUASI,030103
030105,APURIMAC,ABANCAY,HUANIPACA,030105
030106,APURIMAC,ABANCAY,LAMBRAMA,030106
030107,APURIMAC,ABANCAY,PICHIRHUA,030107
030108,APURIMAC,ABANCAY,SAN PEDRO DE CACHORA,030108
030109,APURIMAC,ABANCAY,TAMBURCO,030109
030201,APURIMAC,ANDAHUAYLAS,ANDAHUAYLAS,030301
030202,APURIMAC,ANDAHUAYLAS,ANDARAPA,030302
030203,APURIMAC,ANDAHUAYLAS,CHIARA,030303
030204,APURIMAC,ANDAHUAYLAS,HUANCARAMA,030304
030205,APURIMAC,ANDAHUAYLAS,HUANCARAY,030305
030206,APURIMAC,ANDAHUAYLAS,HUAYANA,030317
030207,APURIMAC,ANDAHUAYLAS,KISHUARA,030306
030208,APURIMAC,ANDAHUAYLAS,PACOBAMBA,030307
030209,APURIMAC,ANDAHUAYLAS,PACUCHA,030313
030210,APURIMAC,ANDAHUAYLAS,PAMPACHIRI,030308
030211,APURIMAC,ANDAHUAYLAS,POMACOCHA,030314
030212,APURIMAC,ANDAHUAYLAS,SAN ANTONIO DE CACHI,030309
030213,APURIMAC,ANDAHUAYLAS,SAN JERONIMO,030310
030214,APURIMAC,ANDAHUAYLAS,SAN MIGUEL DE CHACCRAMPA,030318
030215,APURIMAC,ANDAHUAYLAS,SANTA MARIA DE CHICMO,030315
030216,APURIMAC,ANDAHUAYLAS,TALAVERA,030311
030217,APURIMAC,ANDAHUAYLAS,TUMAY HUARACA,030316
030218,APURIMAC,ANDAHUAYLAS,TURPO,030312
030219,APURIMAC,ANDAHUAYLAS,KAQUIABAMBA,030319
030220,APURIMAC,ANDAHUAYLAS,JOSE MARIA ARGUEDAS,030320
030301,APURIMAC,ANTABAMBA,ANTABAMBA,030401
030302,APURIMAC,ANTABAMBA,EL ORO,030402
030303,APURIMAC,ANTABAMBA,HUAQUIRCA,030403
030304,APURIMAC,ANTABAMBA,JUAN ESPINOZA MEDRANO,030404
030305,APURIMAC,ANTABAMBA,OROPESA,030405
030306,APURIMAC,ANTABAMBA,PACHACONAS,030406
030307,APURIMAC,ANTABAMBA,SABAINO,030407
030401,APURIMAC,AYMARAES,CHALHUANCA,030201
030402,APURIMAC,AYMARAES,CAPAYA,030202
030403,APURIMAC,AYMARAES,CARAYBAMBA,030203
030404,APURIMAC,AYMARAES,CHAPIMARCA,030206
030405,APURIMAC,AYMARAES,COLCABAMBA,030204
030406,APURIMAC,AYMARAES,COTARUSE,030205
030407,APURIMAC,AYMARAES,IHUAYLLO,030207
030408,APURIMAC,AYMARAES,JUSTO APU SAHUARAURA,030217
030409,APURIMAC,AYMARAES,LUCRE,030208
030410,APURIMAC,AYMARAES,POCOHUANCA,030209
030411,APURIMAC,AYMARAES,SAN JUAN DE CHACÑA,030216
030412,APURIMAC,AYMARAES,SAÑAYCA,030210
030413,APURIMAC,AYMARAES,SORAYA,030211
030414,APURIMAC,AYMARAES,TAPAIRIHUA,030212
030415,APURIMAC,AYMARAES,TINTAY,030213
030416,APURIMAC,AYMARAES,TORAYA,030214
030417,APURIMAC,AYMARAES,YANACA,030215
030501,APURIMAC,COTABAMBAS,TAMBOBAMBA,030501
030502,APURIMAC,COTABAMBAS,COTABAMBAS,030503
030503,APURIMAC,COTABAMBAS,COYLLURQUI,030502
030504,APURIMAC,COTABAMBAS,HAQUIRA,030504
030505,APURIMAC,COTABAMBAS,MARA,030505
030506,APURIMAC,COTABAMBAS,CHALLHUAHUACHO,030506
030601,APURIMAC,CHINCHEROS,CHINCHEROS,030701
030602,APURIMAC,CHINCHEROS,ANCO_HUALLO,030705
030603,APURIMAC,CHINCHEROS,COCHARCAS,030704
030604,APURIMAC,CHINCHEROS,HUACCANA,030706
030605,APURIMAC,CHINCHEROS,OCOBAMBA,030703
030606,APURIMAC,CHINCHEROS,ONGOY,030702
030607,APURIMAC,CHINCHEROS,URANMARCA,030707
030608,APURIMAC,CHINCHEROS,RANRACANCHA,030708
030609,APURIMAC,CHINCHEROS,ROCCHACC,030709
030610,APURIMAC,CHINCHEROS,EL PORVENIR,030710
030611,APURIMAC,CHINCHEROS,LOS CHANKAS,030711
030701,APURIMAC,GRAU,CHUQUIBAMBILLA,030601
030702,APURIMAC,GRAU,CURPAHUASI,030602
030703,APURIMAC,GRAU,GAMARRA,030605
030704,APURIMAC,GRAU,HUAYLLATI,030603
030705,APURIMAC,GRAU,MAMARA,030604
030706,APURIMAC,GRAU,MICAELA BASTIDAS,030606
030707,APURIMAC,GRAU,PATAYPAMPA,030608
030708,APURIMAC,GRAU,PROGRESO,030607
030709,APURIMAC,GRAU,SAN ANTONIO,030609
030710,APURIMAC,GRAU,SANTA ROSA,030613
030711,APURIMAC,GRAU,TURPAY,030610
030712,APURIMAC,GRAU,VILCABAMBA,030611
030713,APURIMAC,GRAU,VIRUNDO,030612
030714,APURIMAC,GRAU,CURASCO,030614
040101,AREQUIPA,AREQUIPA,AREQUIPA,040101
040102,AREQUIPA,AREQUIPA,ALTO SELVA ALEGRE,040128
040103,AREQUIPA,AREQUIPA,CAYMA,040102
040104,AREQUIPA,AREQUIPA,CERRO COLORADO,040103
040105,AREQUIPA,AREQUIPA,CHARACATO,040104
040106,AREQUIPA,AREQUIPA,CHIGUATA,040105
040107,AREQUIPA,AREQUIPA,JACOBO HUNTER,040127
040108,AREQUIPA,AREQUIPA,LA JOYA,040106
040109,AREQUIPA,AREQUIPA,MARIANO MELGAR,040126
040110,AREQUIPA,AREQUIPA,MIRAFLORES,040107
040111,AREQUIPA,AREQUIPA,MOLLEBAYA,040108
040112,AREQUIPA,AREQUIPA,PAUCARPATA,040109
040113,AREQUIPA,AREQUIPA,POCSI,040110
040114,AREQUIPA,AREQUIPA,POLOBAYA,040111
040115,AREQUIPA,AREQUIPA,QUEQUEÑA,040112
040116,AREQUIPA,AREQUIPA,SABANDIA,040113
040117,AREQUIPA,AREQUIPA,SACHACA,040114
040118,AREQUIPA,AREQUIPA,SAN JUAN DE SIGUAS,040115
040119,AREQUIPA,AREQUIPA,SAN JUAN DE TARUCANI,040116
040120,AREQUIPA,AREQUIPA,SANTA ISABEL DE SIGUAS,040117
040121,AREQUIPA,AREQUIPA,SANTA RITA DE SIGUAS,040118
040122,AREQUIPA,AREQUIPA,SOCABAYA,040119
040123,AREQUIPA,AREQUIPA,TIABAYA,040120
040124,AREQUIPA,AREQUIPA,UCHUMAYO,040121
040125,AREQUIPA,AREQUIPA,VITOR,040122
040126,AREQUIPA,AREQUIPA,YANAHUARA,040123
040127,AREQUIPA,AREQUIPA,YARABAMBA,040124
040128,AREQUIPA,AREQUIPA,YURA,040125
040129,AREQUIPA,AREQUIPA,JOSE LUIS BUSTAMANTE Y RIVERO,040129
040201,AREQUIPA,CAMANA,CAMANA,040301
040202,AREQUIPA,CAMANA,JOSE MARIA QUIMPER,040302
040203,AREQUIPA,CAMANA,MARIANO NICOLAS VALCARCEL,040303
040204,AREQUIPA,CAMANA,MARISCAL CACERES,040304
040205,AREQUIPA,CAMANA,NICOLAS DE PIEROLA,040305
040206,AREQUIPA,CAMANA,OCOÑA,040306
040207,AREQUIPA,CAMANA,QUILCA,040307
040208,AREQUIPA,CAMANA,SAMUEL PASTOR,040308
040301,AREQUIPA,CARAVELI,CARAVELI,040401
040302,AREQUIPA,CARAVELI,ACARI,040402
040303,AREQUIPA,CARAVELI,ATICO,040403
040304,AREQUIPA,CARAVELI,ATIQUIPA,040404
040305,AREQUIPA,CARAVELI,BELLA UNION,040405
040306,AREQUIPA,CARAVELI,CAHUACHO,040406
040307,AREQUIPA,CARAVELI,CHALA,040407
040308,AREQUIPA,CARAVELI,CHAPARRA,040408
040309,AREQUIPA,CARAVELI,HUANUHUANU,040409
040310,AREQUIPA,CARAVELI,JAQUI,040410
040311,AREQUIPA,CARAVELI,LOMAS,040411
040312,AREQUIPA,CARAVELI,QUICACHA,040412
040313,AREQUIPA,CARAVELI,YAUCA,040413
040401,AREQUIPA,CASTILLA,APLAO,040501
040402,AREQUIPA,CASTILLA,ANDAGUA,040502
040403,AREQUIPA,CASTILLA,AYO,040503
040404,AREQUIPA,CASTILLA,CHACHAS,040504
040405,AREQUIPA,CASTILLA,CHILCAYMARCA,040505
040406,AREQUIPA,CASTILLA,CHOCO,040506
040407,AREQUIPA,CASTILLA,HUANCARQUI,040507
040408,AREQUIPA,CASTILLA,MACHAGUAY,040508
040409,AREQUIPA,CASTILLA,ORCOPAMPA,040509
040410,AREQUIPA,CASTILLA,PAMPACOLCA,040510
040411,AREQUIPA,CASTILLA,TIPAN,040511
040412,AREQUIPA,CASTILLA,UÑON,040513
040413,AREQUIPA,CASTILLA,URACA,040512
040414,AREQUIPA,CASTILLA,VIRACO,040514
040501,AREQUIPA,CAYLLOMA,CHIVAY,040201
040502,AREQUIPA,CAYLLOMA,ACHOMA,040202
040503,AREQUIPA,CAYLLOMA,CABANACONDE,040203
040504,AREQUIPA,CAYLLOMA,CALLALLI,040205
040505,AREQUIPA,CAYLLOMA,CAYLLOMA,040204
040506,AREQUIPA,CAYLLOMA,COPORAQUE,040206
040507,AREQUIPA,CAYLLOMA,HUAMBO,040207
040508,AREQUIPA,CAYLLOMA,HUANCA,040208
040509,AREQUIPA,CAYLLOMA,ICHUPAMPA,040209
040510,AREQUIPA,CAYLLOMA,LARI,040210
040511,AREQUIPA,CAYLLOMA,LLUTA,040211
040512,AREQUIPA,CAYLLOMA,MACA,040212
040513,AREQUIPA,CAYLLOMA,MADRIGAL,040213
040514,AREQUIPA,CAYLLOMA,SAN ANTONIO DE CHUCA,040214
040515,AREQUIPA,CAYLLOMA,SIBAYO,040215
040516,AREQUIPA,CAYLLOMA,TAPAY,040216
040517,AREQUIPA,CAYLLOMA,TISCO,040217
040518,AREQUIPA,CAYLLOMA,TUTI,040218
040519,AREQUIPA,CAYLLOMA,YANQUE,040219
040520,AREQUIPA,CAYLLOMA,MAJES,040220
040601,AREQUIPA,CONDESUYOS,CHUQUIBAMBA,040601
040602,AREQUIPA,CONDESUYOS,ANDARAY,040602
040603,AREQUIPA,CONDESUYOS,CAYARANI,040603
040604,AREQUIPA,CONDESUYOS,CHICHAS,040604
040605,AREQUIPA,CONDESUYOS,IRAY,040605
040606,AREQUIPA,CONDESUYOS,RIO GRANDE,040608
040607,AREQUIPA,CONDESUYOS,SALAMANCA,040606
040608,AREQUIPA,CONDESUYOS,YANAQUIHUA,040607
040701,AREQUIPA,ISLAY,MOLLENDO,040701
040702,AREQUIPA,ISLAY,COCACHACRA,040702
040703,AREQUIPA,ISLAY,DEAN VALDIVIA,040703
040704,AREQUIPA,ISLAY,ISLAY,040704
040705,AREQUIPA,ISLAY,MEJIA,040705
040706,AREQUIPA,ISLAY,PUNTA DE BOMBON,040706
040801,AREQUIPA,LA UNION,COTAHUASI,040801
040802,AREQUIPA,LA UNION,ALCA,040802
040803,AREQUIPA,LA UNION,CHARCANA,040803
040804,AREQUIPA,LA UNION,HUAYNACOTAS,040804
040805,AREQUIPA,LA UNION,PAMPAMARCA,040805
040806,AREQUIPA,LA UNION,PUYCA,040806
040807,AREQUIPA,LA UNION,QUECHUALLA,040807
040808,AREQUIPA,LA UNION,SAYLA,040808
040809,AREQUIPA,LA UNION,TAURIA,040809
040810,AREQUIPA,LA UNION,TOMEPAMPA,040810
040811,AREQUIPA,LA UNION,TORO,040811
050101,AYACUCHO,HUAMANGA,AYACUCHO,050101
050102,AYACUCHO,HUAMANGA,ACOCRO,050111
050103,AYACUCHO,HUAMANGA,ACOS VINCHOS,050102
050104,AYACUCHO,HUAMANGA,CARMEN ALTO,050103
050105,AYACUCHO,HUAMANGA,CHIARA,050104
050106,AYACUCHO,HUAMANGA,OCROS,050113
050107,AYACUCHO,HUAMANGA,PACAYCASA,050114
050108,AYACUCHO,HUAMANGA,QUINUA,050105
050109,AYACUCHO,HUAMANGA,SAN JOSE DE TICLLAS,050106
050110,AYACUCHO,HUAMANGA,SAN JUAN BAUTISTA,050107
050111,AYACUCHO,HUAMANGA,SANTIAGO DE PISCHA,050108
050112,AYACUCHO,HUAMANGA,SOCOS,050112
050113,AYACUCHO,HUAMANGA,TAMBILLO,050110
050114,AYACUCHO,HUAMANGA,VINCHOS,050109
050115,AYACUCHO,HUAMANGA,JESUS NAZARENO,050115
050116,AYACUCHO,HUAMANGA,ANDRES AVELINO CACERES DORREGARAY,050116
050201,AYACUCHO,CANGALLO,CANGALLO,050201
050202,AYACUCHO,CANGALLO,CHUSCHI,050204
050203,AYACUCHO,CANGALLO,LOS MOROCHUCOS,050206
050204,AYACUCHO,CANGALLO,MARIA PARADO DE BELLIDO,050211
050205,AYACUCHO,CANGALLO,PARAS,050207
050206,AYACUCHO,CANGALLO,TOTOS,050208
050301,AYACUCHO,HUANCA SANCOS,SANCOS,050801
050302,AYACUCHO,HUANCA SANCOS,CARAPO,050804
050303,AYACUCHO,HUANCA SANCOS,SACSAMARCA,050802
050304,AYACUCHO,HUANCA SANCOS,SANTIAGO DE LUCANAMARCA,050803
050401,AYACUCHO,HUANTA,HUANTA,050301
050402,AYACUCHO,HUANTA,AYAHUANCO,050302
050403,AYACUCHO,HUANTA,HUAMANGUILLA,050303
050404,AYACUCHO,HUANTA,IGUAIN,050304
050405,AYACUCHO,HUANTA,LURICOCHA,050305
050406,AYACUCHO,HUANTA,SANTILLANA,050307
050407,AYACUCHO,HUANTA,SIVIA,050308
050408,AYACUCHO,HUANTA,LLOCHEGUA,050309
050409,AYACUCHO,HUANTA,CANAYRE,050310
050410,AYACUCHO,HUANTA,UCHURACCAY,050311
050411,AYACUCHO,HUANTA,PUCACOLPA,050312
050412,AYACUCHO,HUANTA,CHACA,050313
050501,AYACUCHO,LA MAR,SAN MIGUEL,050401
050502,AYACUCHO,LA MAR,ANCO,050402
050503,AYACUCHO,LA MAR,AYNA,050403
050504,AYACUCHO,LA MAR,CHILCAS,050404
050505,AYACUCHO,LA MAR,CHUNGUI,050405
050506,AYACUCHO,LA MAR,LUIS CARRANZA,050407
050507,AYACUCHO,LA MAR,SANTA ROSA,050408
050508,AYACUCHO,LA MAR,TAMBO,050406
050509,AYACUCHO,LA MAR,SAMUGARI,050409
050510,AYACUCHO,LA MAR,ANCHIHUAY,050410
050511,AYACUCHO,LA MAR,ORONCCOY,050411
050601,AYACUCHO,LUCANAS,PUQUIO,050501
050602,AYACUCHO,LUCANAS,AUCARA,050502
050603,AYACUCHO,LUCANAS,CABANA,050503
050604,AYACUCHO,LUCANAS,CARMEN SALCEDO,050504
050605,AYACUCHO,LUCANAS,CHAVIÑA,050506
050606,AYACUCHO,LUCANAS,CHIPAO,050508
050607,AYACUCHO,LUCANAS,HUAC-HUAS,050510
050608,AYACUCHO,LUCANAS,LARAMATE,050511
050609,AYACUCHO,LUCANAS,LEONCIO PRADO,050512
050610,AYACUCHO,LUCANAS,LLAUTA,050514
050611,AYACUCHO,LUCANAS,LUCANAS,050513
050612,AYACUCHO,LUCANAS,OCAÑA,050516
050613,AYACUCHO,LUCANAS,OTOCA,050517
050614,AYACUCHO,LUCANAS,SAISA,050529
050615,AYACUCHO,LUCANAS,SAN CRISTOBAL,050532
050616,AYACUCHO,LUCANAS,SAN JUAN,050521
050617,AYACUCHO,LUCANAS,SAN PEDRO,050522
050618,AYACUCHO,LUCANAS,SAN PEDRO DE PALCO,050531
050619,AYACUCHO,LUCANAS,SANCOS,050520
050620,AYACUCHO,LUCANAS,SANTA ANA DE HUAYCAHUACHO,050524
050621,AYACUCHO,LUCANAS,SANTA LUCIA,050525
050701,AYACUCHO,PARINACOCHAS,CORACORA,050601
050702,AYACUCHO,PARINACOCHAS,CHUMPI,050605
050703,AYACUCHO,PARINACOCHAS,CORONEL CASTAÑEDA,050604
050704,AYACUCHO,PARINACOCHAS,PACAPAUSA,050608
050705,AYACUCHO,PARINACOCHAS,PULLO,050611
050706,AYACUCHO,PARINACOCHAS,PUYUSCA,050612
050707,AYACUCHO,PARINACOCHAS,SAN FRANCISCO DE RAVACAYCO,050615
050708,AYACUCHO,PARINACOCHAS,UPAHUACHO,050616
050801,AYACUCHO,PAUCAR DEL SARA SARA,PAUSA,051001
050802,AYACUCHO,PAUCAR DEL SARA SARA,COLTA,051002
050803,AYACUCHO,PAUCAR DEL SARA SARA,CORCULLA,051003
050804,AYACUCHO,PAUCAR DEL SARA SARA,LAMPA,051004
050805,AYACUCHO,PAUCAR DEL SARA SARA,MARCABAMBA,051005
050806,AYACUCHO,PAUCAR DEL SARA SARA,OYOLO,051006
050807,AYACUCHO,PAUCAR DEL SARA SARA,PARARCA,051007
050808,AYACUCHO,PAUCAR DEL SARA SARA,SAN JAVIER DE ALPABAMBA,051008
050809,AYACUCHO,PAUCAR DEL SARA SARA,SAN JOSE DE USHUA,051009
050810,AYACUCHO,PAUCAR DEL SARA SARA,SARA SARA,051010
050901,AYACUCHO,SUCRE,QUEROBAMBA,051101
050902,AYACUCHO,SUCRE,BELEN,051102
050903,AYACUCHO,SUCRE,CHALCOS,051103
050904,AYACUCHO,SUCRE,CHILCAYOC,051110
050905,AYACUCHO,SUCRE,HUACAÑA,051109
050906,AYACUCHO,SUCRE,MORCOLLA,051111
050907,AYACUCHO,SUCRE,PAICO,051105
050908,AYACUCHO,SUCRE,SAN PEDRO DE LARCAY,051107
050909,AYACUCHO,SUCRE,SAN SALVADOR DE QUIJE,051104
050910,AYACUCHO,SUCRE,SANTIAGO DE PAUCARAY,051106
050911,AYACUCHO,SUCRE,SORAS,051108
051001,AYACUCHO,VICTOR FAJARDO,HUANCAPI,050701
051002,AYACUCHO,VICTOR FAJARDO,ALCAMENCA,050702
051003,AYACUCHO,VICTOR FAJARDO,APONGO,050703
051004,AYACUCHO,VICTOR FAJARDO,ASQUIPATA,050715
051005,AYACUCHO,VICTOR FAJARDO,CANARIA,050704
051006,AYACUCHO,VICTOR FAJARDO,CAYARA,050706
051007,AYACUCHO,VICTOR FAJARDO,COLCA,050707
051008,AYACUCHO,VICTOR FAJARDO,HUAMANQUIQUIA,050709
051009,AYACUCHO,VICTOR FAJARDO,HUANCARAYLLA,050710
051010,AYACUCHO,VICTOR FAJARDO,HUALLA,050708
051011,AYACUCHO,VICTOR FAJARDO,SARHUA,050713
051012,AYACUCHO,VICTOR FAJARDO,VILCANCHOS,050714
051101,AYACUCHO,VILCAS HUAMAN,VILCAS HUAMAN,050901
051102,AYACUCHO,VILCAS HUAMAN,ACCOMARCA,050903
051103,AYACUCHO,VILCAS HUAMAN,CARHUANCA,050904
051104,AYACUCHO,VILCAS HUAMAN,CONCEPCION,050905
051105,AYACUCHO,VILCAS HUAMAN,HUAMBALPA,050906
051106,AYACUCHO,VILCAS HUAMAN,INDEPENDENCIA,050908
051107,AYACUCHO,VILCAS HUAMAN,SAURAMA,050907
051108,AYACUCHO,VILCAS HUAMAN,VISCHONGO,050902
060101,CAJAMARCA,CAJAMARCA,CAJAMARCA,060101
060102,CAJAMARCA,CAJAMARCA,ASUNCION,060102
060103,CAJAMARCA,CAJAMARCA,CHETILLA,060104
060104,CAJAMARCA,CAJAMARCA,COSPAN,060103
060105,CAJAMARCA,CAJAMARCA,ENCAÑADA,060105
060106,CAJAMARCA,CAJAMARCA,JESUS,060106
060107,CAJAMARCA,CAJAMARCA,LLACANORA,060108
060108,CAJAMARCA,CAJAMARCA,LOS BAÑOS DEL INCA,060107
060109,CAJAMARCA,CAJAMARCA,MAGDALENA,060109
060110,CAJAMARCA,CAJAMARCA,MATARA,060110
060111,CAJAMARCA,CAJAMARCA,NAMORA,060111
060112,CAJAMARCA,CAJAMARCA,SAN JUAN,060112
060201,CAJAMARCA,CAJABAMBA,CAJABAMBA,060201
060202,CAJAMARCA,CAJABAMBA,CACHACHI,060202
060203,CAJAMARCA,CAJABAMBA,CONDEBAMBA,060203
060204,CAJAMARCA,CAJABAMBA,SITACOCHA,060205
060301,CAJAMARCA,CELENDIN,CELENDIN,060301
060302,CAJAMARCA,CELENDIN,CHUMUCH,060303
060303,CAJAMARCA,CELENDIN,CORTEGANA,060302
060304,CAJAMARCA,CELENDIN,HUASMIN,060304
060305,CAJAMARCA,CELENDIN,JORGE CHAVEZ,060305
060306,CAJAMARCA,CELENDIN,JOSE GALVEZ,060306
060307,CAJAMARCA,CELENDIN,MIGUEL IGLESIAS,060307
060308,CAJAMARCA,CELENDIN,OXAMARCA,060308
060309,CAJAMARCA,CELENDIN,SOROCHUCO,060309
060310,CAJAMARCA,CELENDIN,SUCRE,060310
060311,CAJAMARCA,CELENDIN,UTCO,060311
060312,CAJAMARCA,CELENDIN,LA LIBERTAD DE PALLAN,060312
060401,CAJAMARCA,CHOTA,CHOTA,060601
060402,CAJAMARCA,CHOTA,ANGUIA,060602
060403,CAJAMARCA,CHOTA,CHADIN,060605
060404,CAJAMARCA,CHOTA,CHIGUIRIP,060606
060405,CAJAMARCA,CHOTA,CHIMBAN,060607
060406,CAJAMARCA,CHOTA,CHOROPAMPA,060618
060407,CAJAMARCA,CHOTA,COCHABAMBA,060603
060408,CAJAMARCA,CHOTA,CONCHAN,060604
060409,CAJAMARCA,CHOTA,HUAMBOS,060608
060410,CAJAMARCA,CHOTA,LAJAS,060609
060411,CAJAMARCA,CHOTA,LLAMA,060610
060412,CAJAMARCA,CHOTA,MIRACOSTA,060611
060413,CAJAMARCA,CHOTA,PACCHA,060612
060414,CAJAMARCA,CHOTA,PION,060613
060415,CAJAMARCA,CHOTA,QUEROCOTO,060614
060416,CAJAMARCA,CHOTA,SAN JUAN DE LICUPIS,060617
060417,CAJAMARCA,CHOTA,TACABAMBA,060615
060418,CAJAMARCA,CHOTA,TOCMOCHE,060616
060419,CAJAMARCA,CHOTA,CHALAMARCA,060619
060501,CAJAMARCA,CONTUMAZA,CONTUMAZA,060401
060502,CAJAMARCA,CONTUMAZA,CHILETE,060403
060503,CAJAMARCA,CONTUMAZA,CUPISNIQUE,060406
060504,CAJAMARCA,CONTUMAZA,GUZMANGO,060404
060505,CAJAMARCA,CONTUMAZA,SAN BENITO,060405
060506,CAJAMARCA,CONTUMAZA,SANTA CRUZ DE TOLED,060409
060507,CAJAMARCA,CONTUMAZA,TANTARICA,060407
060508,CAJAMARCA,CONTUMAZA,YONAN,060408
060601,CAJAMARCA,CUTERVO,CUTERVO,060501
060602,CAJAMARCA,CUTERVO,CALLAYUC,060502
060603,CAJAMARCA,CUTERVO,CHOROS,060504
060604,CAJAMARCA,CUTERVO,CUJILLO,060503
060605,CAJAMARCA,CUTERVO,LA RAMADA,060505
060606,CAJAMARCA,CUTERVO,PIMPINGOS,060506
060607,CAJAMARCA,CUTERVO,QUEROCOTILLO,060507
060608,CAJAMARCA,CUTERVO,SAN ANDRES DE CUTERVO,060508
060609,CAJAMARCA,CUTERVO,SAN JUAN DE CUTERVO,060509
060610,CAJAMARCA,CUTERVO,SAN LUIS DE LUCMA,060510
060611,CAJAMARCA,CUTERVO,SANTA CRUZ,060511
060612,CAJAMARCA,CUTERVO,SANTO DOMINGO DE LA CAPILLA,060512
060613,CAJAMARCA,CUTERVO,SANTO TOMAS,060513
060614,CAJAMARCA,CUTERVO,SOCOTA,060514
060615,CAJAMARCA,CUTERVO,TORIBIO CASANOVA,060515
060701,CAJAMARCA,HUALGAYOC,BAMBAMARCA,060701
060702,CAJAMARCA,HUALGAYOC,CHUGUR,060702
060703,CAJAMARCA,HUALGAYOC,HUALGAYOC,060703
060801,CAJAMARCA,JAEN,JAEN,060801
060802,CAJAMARCA,JAEN,BELLAVISTA,060802
060803,CAJAMARCA,JAEN,CHONTALI,060804
060804,CAJAMARCA,JAEN,COLASAY,060803
060805,CAJAMARCA,JAEN,HUABAL,060812
060806,CAJAMARCA,JAEN,LAS PIRIAS,060811
060807,CAJAMARCA,JAEN,POMAHUACA,060805
060808,CAJAMARCA,JAEN,PUCARA,060806
060809,CAJAMARCA,JAEN,SALLIQUE,060807
060810,CAJAMARCA,JAEN,SAN FELIPE,060808
060811,CAJAMARCA,JAEN,SAN JOSE DEL ALTO,060809
060812,CAJAMARCA,JAEN,SANTA ROSA,060810
060901,CAJAMARCA,SAN IGNACIO,SAN IGNACIO,061101
060902,CAJAMARCA,SAN IGNACIO,CHIRINOS,061102
060903,CAJAMARCA,SAN IGNACIO,HUARANGO,061103
060904,CAJAMARCA,SAN IGNACIO,LA COIPA,061105
060905,CAJAMARCA,SAN IGNACIO,NAMBALLE,061104
060906,CAJAMARCA,SAN IGNACIO,SAN JOSE DE LOURDES,061106
060907,CAJAMARCA,SAN IGNACIO,TABACONAS,061107
061001,CAJAMARCA,SAN MARCOS,PEDRO GALVEZ,061201
061002,CAJAMARCA,SAN MARCOS,CHANCAY,061207
061003,CAJAMARCA,SAN MARCOS,EDUARDO VILLANUEVA,061205
061004,CAJAMARCA,SAN MARCOS,GREGORIO PITA,061203
061005,CAJAMARCA,SAN MARCOS,ICHOCAN,061202
061006,CAJAMARCA,SAN MARCOS,JOSE MANUEL QUIROZ,061204
061007,CAJAMARCA,SAN MARCOS,JOSE SABOGAL,061206
061101,CAJAMARCA,SAN MIGUEL,SAN MIGUEL,061001
061102,CAJAMARCA,SAN MIGUEL,BOLIVAR,061013
061103,CAJAMARCA,SAN MIGUEL,CALQUIS,061002
061104,CAJAMARCA,SAN MIGUEL,CATILLUC,061012
061105,CAJAMARCA,SAN MIGUEL,EL PRADO,061009
061106,CAJAMARCA,SAN MIGUEL,LA FLORIDA,061003
061107,CAJAMARCA,SAN MIGUEL,LLAPA,061004
061108,CAJAMARCA,SAN MIGUEL,NANCHOC,061005
061109,CAJAMARCA,SAN MIGUEL,NIEPOS,061006
061110,CAJAMARCA,SAN MIGUEL,SAN GREGORIO,061007
061111,CAJAMARCA,SAN MIGUEL,SAN SILVESTRE DE COCHAN,061008
061112,CAJAMARCA,SAN MIGUEL,TONGOD,061011
061113,CAJAMARCA,SAN MIGUEL,UNION AGUA BLANCA,061010
061201,CAJAMARCA,SAN PABLO,SAN PABLO,061301
061202,CAJAMARCA,SAN PABLO,SAN BERNARDINO,061302
061203,CAJAMARCA,SAN PABLO,SAN LUIS,061303
061204,CAJAMARCA,SAN PABLO,TUMBADEN,061304
061301,CAJAMARCA,SANTA CRUZ,SANTA CRUZ,060901
061302,CAJAMARCA,SANTA CRUZ,ANDABAMBA,060910
061303,CAJAMARCA,SANTA CRUZ,CATACHE,060902
061304,CAJAMARCA,SANTA CRUZ,CHANCAYBAÑOS,060903
061305,CAJAMARCA,SANTA CRUZ,LA ESPERANZA,060904
061306,CAJAMARCA,SANTA CRUZ,NINABAMBA,060905
061307,CAJAMARCA,SANTA CRUZ,PULAN,060906
061308,CAJAMARCA,SANTA CRUZ,SAUCEPAMPA,060911
061309,CAJAMARCA,SANTA CRUZ,SEXI,060907
061310,CAJAMARCA,SANTA CRUZ,UTICYACU,060908
061311,CAJAMARCA,SANTA CRUZ,YAUYUCAN,060909
070101,CALLAO,CALLAO,CALLAO,240101
070102,CALLAO,CALLAO,BELLAVISTA,240102
070103,CALLAO,CALLAO,CARMEN DE LA LEGUA REYNOSO,240104
070104,CALLAO,CALLAO,LA PERLA,240105
070105,CALLAO,CALLAO,LA PUNTA,240103
070106,CALLAO,CALLAO,VENTANILLA,240106
070107,CALLAO,CALLAO,MI PERU,240107
080101,CUSCO,CUSCO,CUSCO,070101
080102,CUSCO,CUSCO,CCORCA,070102
080103,CUSCO,CUSCO,POROY,070103
080104,CUSCO,CUSCO,SAN JERONIMO,070104
080105,CUSCO,CUSCO,SAN SEBASTIAN,070105
080106,CUSCO,CUSCO,SANTIAGO,070106
080107,CUSCO,CUSCO,SAYLLA,070107
080108,CUSCO,CUSCO,WANCHAQ,070108
080201,CUSCO,ACOMAYO,ACOMAYO,070201
080202,CUSCO,ACOMAYO,ACOPIA,070202
080203,CUSCO,ACOMAYO,ACOS,070203
080204,CUSCO,ACOMAYO,MOSOC LLACTA,070207
080205,CUSCO,ACOMAYO,POMACANCHI,070204
080206,CUSCO,ACOMAYO,RONDOCAN,070205
080207,CUSCO,ACOMAYO,SANGARARA,070206
080301,CUSCO,ANTA,ANTA,070301
080302,CUSCO,ANTA,ANCAHUASI,070309
080303,CUSCO,ANTA,CACHIMAYO,070308
080304,CUSCO,ANTA,CHINCHAYPUJIO,070302
080305,CUSCO,ANTA,HUAROCONDO,070303
080306,CUSCO,ANTA,LIMATAMBO,070304
080307,CUSCO,ANTA,MOLLEPATA,070305
080308,CUSCO,ANTA,PUCYURA,070306
080309,CUSCO,ANTA,ZURITE,070307
080401,CUSCO,CALCA,CALCA,070401
080402,CUSCO,CALCA,COYA,070402
080403,CUSCO,CALCA,LAMAY,070403
080404,CUSCO,CALCA,LARES,070404
080405,CUSCO,CALCA,PISAC,070405
080406,CUSCO,CALCA,SAN SALVADOR,070406
080407,CUSCO,CALCA,TARAY,070407
080408,CUSCO,CALCA,YANATILE,070408
080501,CUSCO,CANAS,YANAOCA,070501
080502,CUSCO,CANAS,CHECCA,070502
080503,CUSCO,CANAS,KUNTURKANKI,070503
080504,CUSCO,CANAS,LANGUI,070504
080505,CUSCO,CANAS,LAYO,070505
080506,CUSCO,CANAS,PAMPAMARCA,070506
080507,CUSCO,CANAS,QUEHUE,070507
080508,CUSCO,CANAS,TUPAC AMARU,070508
080601,CUSCO,CANCHIS,SICUANI,070601
080602,CUSCO,CANCHIS,CHECACUPE,070603
080603,CUSCO,CANCHIS,COMBAPATA,070602
080604,CUSCO,CANCHIS,MARANGANI,070604
080605,CUSCO,CANCHIS,PITUMARCA,070605
080606,CUSCO,CANCHIS,SAN PABLO,070606
080607,CUSCO,CANCHIS,SAN PEDRO,070607
080608,CUSCO,CANCHIS,TINTA,070608
080701,CUSCO,CHUMBIVILCAS,SANTO TOMAS,070701
080702,CUSCO,CHUMBIVILCAS,CAPACMARCA,070702
080703,CUSCO,CHUMBIVILCAS,CHAMACA,070704
080704,CUSCO,CHUMBIVILCAS,COLQUEMARCA,070703
080705,CUSCO,CHUMBIVILCAS,LIVITACA,070705
080706,CUSCO,CHUMBIVILCAS,LLUSCO,070706
080707,CUSCO,CHUMBIVILCAS,QUIÑOTA,070707
080708,CUSCO,CHUMBIVILCAS,VELILLE,070708
080801,CUSCO,ESPINAR,ESPINAR,070801
080802,CUSCO,ESPINAR,CONDOROMA,070802
080803,CUSCO,ESPINAR,COPORAQUE,070803
080804,CUSCO,ESPINAR,OCORURO,070804
080805,CUSCO,ESPINAR,PALLPATA,070805
080806,CUSCO,ESPINAR,PICHIGUA,070806
080807,CUSCO,ESPINAR,SUYCKUTAMBO,070807
080808,CUSCO,ESPINAR,ALTO PICHIGUA,070808
080901,CUSCO,LA CONVENCION,SANTA ANA,070901
080902,CUSCO,LA CONVENCION,ECHARATE,070902
080903,CUSCO,LA CONVENCION,HUAYOPATA,070903
080904,CUSCO,LA CONVENCION,MARANURA,070904
080905,CUSCO,LA CONVENCION,OCOBAMBA,070905
080906,CUSCO,LA CONVENCION,QUELLOUNO,070908
080907,CUSCO,LA CONVENCION,KIMBIRI,070909
080908,CUSCO,LA CONVENCION,SANTA TERESA,070906
080909,CUSCO,LA CONVENCION,VILCABAMBA,070907
080910,CUSCO,LA CONVENCION,PICHARI,070910
080911,CUSCO,LA CONVENCION,INKAWASI,070911
080912,CUSCO,LA CONVENCION,VILLA VIRGEN,070912
080913,CUSCO,LA CONVENCION,VILLA KINTIARINA,070913
080914,CUSCO,LA CONVENCION,MEGANTONI,070915
081001,CUSCO,PARURO,PARURO,071001
081002,CUSCO,PARURO,ACCHA,071002
081003,CUSCO,PARURO,CCAPI,071003
081004,CUSCO,PARURO,COLCHA,071004
081005,CUSCO,PARURO,HUANOQUITE,071005
081006,CUSCO,PARURO,OMACHA,071006
081007,CUSCO,PARURO,PACCARITAMBO,071008
081008,CUSCO,PARURO,PILLPINTO,071009
081009,CUSCO,PARURO,YAURISQUE,071007
081101,CUSCO,PAUCARTAMBO,PAUCARTAMBO,071101
081102,CUSCO,PAUCARTAMBO,CAICAY,071102
081103,CUSCO,PAUCARTAMBO,CHALLABAMBA,071104
081104,CUSCO,PAUCARTAMBO,COLQUEPATA,071103
081105,CUSCO,PAUCARTAMBO,HUANCARANI,071106
081106,CUSCO,PAUCARTAMBO,KOSÑIPATA,071105
081201,CUSCO,QUISPICANCHI,URCOS,071201
081202,CUSCO,QUISPICANCHI,ANDAHUAYLILLAS,071202
081203,CUSCO,QUISPICANCHI,CAMANTI,071203
081204,CUSCO,QUISPICANCHI,CCARHUAYO,071204
081205,CUSCO,QUISPICANCHI,CCATCA,071205
081206,CUSCO,QUISPICANCHI,CUSIPATA,071206
081207,CUSCO,QUISPICANCHI,HUARO,071207
081208,CUSCO,QUISPICANCHI,LUCRE,071208
081209,CUSCO,QUISPICANCHI,MARCAPATA,071209
081210,CUSCO,QUISPICANCHI,OCONGATE,071210
081211,CUSCO,QUISPICANCHI,OROPESA,071211
081212,CUSCO,QUISPICANCHI,QUIQUIJANA,071212
081301,CUSCO,URUBAMBA,URUBAMBA,071301
081302,CUSCO,URUBAMBA,CHINCHERO,071302
081303,CUSCO,URUBAMBA,HUAYLLABAMBA,071303
081304,CUSCO,URUBAMBA,MACHUPICCHU,071304
081305,CUSCO,URUBAMBA,MARAS,071305
081306,CUSCO,URUBAMBA,OLLANTAYTAMBO,071306
081307,CUSCO,URUBAMBA,YUCAY,071307
090101,HUANCAVELICA,HUANCAVELICA,HUANCAVELICA,080101
090102,HUANCAVELICA,HUANCAVELICA,ACOBAMBILLA,080102
090103,HUANCAVELICA,HUANCAVELICA,ACORIA,080103
090104,HUANCAVELICA,HUANCAVELICA,CONAYCA,080104
090105,HUANCAVELICA,HUANCAVELICA,CUENCA,080105
090106,HUANCAVELICA,HUANCAVELICA,HUACHOCOLPA,080106
090107,HUANCAVELICA,HUANCAVELICA,HUAYLLAHUARA,080108
090108,HUANCAVELICA,HUANCAVELICA,IZCUCHACA,080109
090109,HUANCAVELICA,HUANCAVELICA,LARIA,080110
090110,HUANCAVELICA,HUANCAVELICA,MANTA,080111
090111,HUANCAVELICA,HUANCAVELICA,MARISCAL CACERES,080112
090112,HUANCAVELICA,HUANCAVELICA,MOYA,080113
090113,HUANCAVELICA,HUANCAVELICA,NUEVO OCCORO,080114
090114,HUANCAVELICA,HUANCAVELICA,PALCA,080115
090115,HUANCAVELICA,HUANCAVELICA,PILCHACA,080116
090116,HUANCAVELICA,HUANCAVELICA,VILCA,080117
090117,HUANCAVELICA,HUANCAVELICA,YAULI,080118
090118,HUANCAVELICA,HUANCAVELICA,ASCENSION,080119
090119,HUANCAVELICA,HUANCAVELICA,HUANDO,080120
090201,HUANCAVELICA,ACOBAMBA,ACOBAMBA,080201
090202,HUANCAVELICA,ACOBAMBA,ANDABAMBA,080203
090203,HUANCAVELICA,ACOBAMBA,ANTA,080202
090204,HUANCAVELICA,ACOBAMBA,CAJA,080204
090205,HUANCAVELICA,ACOBAMBA,MARCAS,080205
090206,HUANCAVELICA,ACOBAMBA,PAUCARA,080206
090207,HUANCAVELICA,ACOBAMBA,POMACOCHA,080207
090208,HUANCAVELICA,ACOBAMBA,ROSARIO,080208
090301,HUANCAVELICA,ANGARAES,LIRCAY,080301
090302,HUANCAVELICA,ANGARAES,ANCHONGA,080302
090303,HUANCAVELICA,ANGARAES,CALLANMARCA,080303
090304,HUANCAVELICA,ANGARAES,CCOCHACCASA,080312
090305,HUANCAVELICA,ANGARAES,CHINCHO,080305
090306,HUANCAVELICA,ANGARAES,CONGALLA,080304
090307,HUANCAVELICA,ANGARAES,HUANCA-HUANCA,080307
090308,HUANCAVELICA,ANGARAES,HUAYLLAY GRANDE,080306
090309,HUANCAVELICA,ANGARAES,JULCAMARCA,080308
090310,HUANCAVELICA,ANGARAES,SAN ANTONIO DE ANTAPARCO,080309
090311,HUANCAVELICA,ANGARAES,SANTO TOMAS DE PATA,080310
090312,HUANCAVELICA,ANGARAES,SECCLLA,080311
090401,HUANCAVELICA,CASTROVIRREYNA,CASTROVIRREYNA,080401
090402,HUANCAVELICA,CASTROVIRREYNA,ARMA,080402
090403,HUANCAVELICA,CASTROVIRREYNA,AURAHUA,080403
090404,HUANCAVELICA,CASTROVIRREYNA,CAPILLAS,080405
090405,HUANCAVELICA,CASTROVIRREYNA,CHUPAMARCA,080408
090406,HUANCAVELICA,CASTROVIRREYNA,COCAS,080406
090407,HUANCAVELICA,CASTROVIRREYNA,HUACHOS,080409
090408,HUANCAVELICA,CASTROVIRREYNA,HUAMATAMBO,080410
090409,HUANCAVELICA,CASTROVIRREYNA,MOLLEPAMPA,080414
090410,HUANCAVELICA,CASTROVIRREYNA,SAN JUAN,080422
090411,HUANCAVELICA,CASTROVIRREYNA,SANTA ANA,080429
090412,HUANCAVELICA,CASTROVIRREYNA,TANTARA,080427
090413,HUANCAVELICA,CASTROVIRREYNA,TICRAPO,080428
090501,HUANCAVELICA,CHURCAMPA,CHURCAMPA,080701
090502,HUANCAVELICA,CHURCAMPA,ANCO,080702
090503,HUANCAVELICA,CHURCAMPA,CHINCHIHUASI,080703
090504,HUANCAVELICA,CHURCAMPA,EL CARMEN,080704
090505,HUANCAVELICA,CHURCAMPA,LA MERCED,080705
090506,HUANCAVELICA,CHURCAMPA,LOCROJA,080706
090507,HUANCAVELICA,CHURCAMPA,PAUCARBAMBA,080707
090508,HUANCAVELICA,CHURCAMPA,SAN MIGUEL DE MAYOCC,080708
090509,HUANCAVELICA,CHURCAMPA,SAN PEDRO DE CORIS,080709
090510,HUANCAVELICA,CHURCAMPA,PACHAMARCA,080710
090511,HUANCAVELICA,CHURCAMPA,COSME,080711
090601,HUANCAVELICA,HUAYTARA,HUAYTARA,080604
090602,HUANCAVELICA,HUAYTARA,AYAVI,080601
090603,HUANCAVELICA,HUAYTARA,CORDOVA,080602
090604,HUANCAVELICA,HUAYTARA,HUAYACUNDO ARMA,080603
090605,HUANCAVELICA,HUAYTARA,LARAMARCA,080605
090606,HUANCAVELICA,HUAYTARA,OCOYO,080606
090607,HUANCAVELICA,HUAYTARA,PILPICHACA,080607
090608,HUANCAVELICA,HUAYTARA,QUERCO,080608
090609,HUANCAVELICA,HUAYTARA,QUITO-ARMA,080609
090610,HUANCAVELICA,HUAYTARA,SAN ANTONIO DE CUSICANCHA,080610
090611,HUANCAVELICA,HUAYTARA,SAN FRANCISCO DE SANGAYAICO,080611
090612,HUANCAVELICA,HUAYTARA,SAN ISIDRO,080612
090613,HUANCAVELICA,HUAYTARA,SANTIAGO DE CHOCORVOS,080613
090614,HUANCAVELICA,HUAYTARA,SANTIAGO DE QUIRAHUARA,080614
090615,HUANCAVELICA,HUAYTARA,SANTO DOMINGO DE CAPILLAS,080615
090616,HUANCAVELICA,HUAYTARA,TAMBO,080616
090701,HUANCAVELICA,TAYACAJA,PAMPAS,080501
090702,HUANCAVELICA,TAYACAJA,ACOSTAMBO,080502
090703,HUANCAVELICA,TAYACAJA,ACRAQUIA,080503
090704,HUANCAVELICA,TAYACAJA,AHUAYCHA,080504
090705,HUANCAVELICA,TAYACAJA,COLCABAMBA,080506
090706,HUANCAVELICA,TAYACAJA,DANIEL HERNANDEZ,080509
090707,HUANCAVELICA,TAYACAJA,HUACHOCOLPA,080511
090709,HUANCAVELICA,TAYACAJA,HUARIBAMBA,080512
090710,HUANCAVELICA,TAYACAJA,ÑAHUIMPUQUIO,080515
090711,HUANCAVELICA,TAYACAJA,PAZOS,080517
090713,HUANCAVELICA,TAYACAJA,QUISHUAR,080518
090714,HUANCAVELICA,TAYACAJA,SALCABAMBA,080519
090715,HUANCAVELICA,TAYACAJA,SALCAHUASI,080526
090716,HUANCAVELICA,TAYACAJA,SAN MARCOS DE ROCCHAC,080520
090717,HUANCAVELICA,TAYACAJA,SURCUBAMBA,080523
090718,HUANCAVELICA,TAYACAJA,TINTAY PUNCU,080525
090719,HUANCAVELICA,TAYACAJA,QUICHUAS,080528
090720,HUANCAVELICA,TAYACAJA,ANDAYMARCA,080529
090721,HUANCAVELICA,TAYACAJA,ROBLE,080530
090722,HUANCAVELICA,TAYACAJA,PICHOS,080531
090723,HUANCAVELICA,TAYACAJA,SANTIAGO DE TUCUMA,080532
100101,HUANUCO,HUANUCO,HUANUCO,090101
100102,HUANUCO,HUANUCO,AMARILIS,090110
100103,HUANUCO,HUANUCO,CHINCHAO,090102
100104,HUANUCO,HUANUCO,CHURUBAMBA,090103
100105,HUANUCO,HUANUCO,MARGOS,090104
100106,HUANUCO,HUANUCO,QUISQUI (KICHKI),090105
100107,HUANUCO,HUANUCO,SAN FRANCISCO DE CAYRAN,090106
100108,HUANUCO,HUANUCO,SAN PEDRO DE CHAULAN,090107
100109,HUANUCO,HUANUCO,SANTA MARIA DEL VALLE,090108
100110,HUANUCO,HUANUCO,YARUMAYO,090109
100111,HUANUCO,HUANUCO,PILLCO MARCA,090111
100112,HUANUCO,HUANUCO,YACUS,090112
100113,HUANUCO,HUANUCO,SAN PABLO DE PILLAO,090113
100201,HUANUCO,AMBO,AMBO,090201
100202,HUANUCO,AMBO,CAYNA,090202
100203,HUANUCO,AMBO,COLPAS,090203
100204,HUANUCO,AMBO,CONCHAMARCA,090204
100205,HUANUCO,AMBO,HUACAR,090205
100206,HUANUCO,AMBO,SAN FRANCISCO,090206
100207,HUANUCO,AMBO,SAN RAFAEL,090207
100208,HUANUCO,AMBO,TOMAY KICHWA,090208
100301,HUANUCO,DOS DE MAYO,LA UNION,090301
100307,HUANUCO,DOS DE MAYO,CHUQUIS,090307
100311,HUANUCO,DOS DE MAYO,MARIAS,090312
100313,HUANUCO,DOS DE MAYO,PACHAS,090314
100316,HUANUCO,DOS DE MAYO,QUIVILLA,090316
100317,HUANUCO,DOS DE MAYO,RIPAN,090317
100321,HUANUCO,DOS DE MAYO,SHUNQUI,090321
100322,HUANUCO,DOS DE MAYO,SILLAPATA,090322
100323,HUANUCO,DOS DE MAYO,YANAS,090323
100401,HUANUCO,HUACAYBAMBA,HUACAYBAMBA,090901
100402,HUANUCO,HUACAYBAMBA,CANCHABAMBA,090903
100403,HUANUCO,HUACAYBAMBA,COCHABAMBA,090904
100404,HUANUCO,HUACAYBAMBA,PINRA,090902
100501,HUANUCO,HUAMALIES,LLATA,090401
100502,HUANUCO,HUAMALIES,ARANCAY,090402
100503,HUANUCO,HUAMALIES,CHAVIN DE PARIARCA,090403
100504,HUANUCO,HUAMALIES,JACAS GRANDE,090404
100505,HUANUCO,HUAMALIES,JIRCAN,090405
100506,HUANUCO,HUAMALIES,MIRAFLORES,090406
100507,HUANUCO,HUAMALIES,MONZON,090407
100508,HUANUCO,HUAMALIES,PUNCHAO,090408
100509,HUANUCO,HUAMALIES,PUÑOS,090409
100510,HUANUCO,HUAMALIES,SINGA,090410
100511,HUANUCO,HUAMALIES,TANTAMAYO,090411
100601,HUANUCO,LEONCIO PRADO,RUPA-RUPA,090601
100602,HUANUCO,LEONCIO PRADO,DANIEL ALOMIA ROBLES,090602
100603,HUANUCO,LEONCIO PRADO,HERMILIO VALDIZAN,090603
100604,HUANUCO,LEONCIO PRADO,JOSE CRESPO Y CASTILLO,090606
100605,HUANUCO,LEONCIO PRADO,LUYANDO,090604
100606,HUANUCO,LEONCIO PRADO,MARIANO DAMASO BERAUN,090605
100607,HUANUCO,LEONCIO PRADO,PUCAYACU,090607
100608,HUANUCO,LEONCIO PRADO,CASTILLO GRANDE,090608
100609,HUANUCO,LEONCIO PRADO,PUEBLO NUEVO,090609
100610,HUANUCO,LEONCIO PRADO,SANTO DOMINGO DE ANDIA,090610
100701,HUANUCO,MARAÑON,HUACRACHUCO,090501
100702,HUANUCO,MARAÑON,CHOLON,090502
100703,HUANUCO,MARAÑON,SAN BUENAVENTURA,090505
100704,HUANUCO,MARAÑON,LA MORADA,090506
100705,HUANUCO,MARAÑON,SANTA ROSA DE ALTO YANAJANCA,090507
100801,HUANUCO,PACHITEA,PANAO,090701
100802,HUANUCO,PACHITEA,CHAGLLA,090702
100803,HUANUCO,PACHITEA,MOLINO,090704
100804,HUANUCO,PACHITEA,UMARI,090706
100901,HUANUCO,PUERTO INCA,PUERTO INCA,090802
100902,HUANUCO,PUERTO INCA,CODO DEL POZUZO,090803
100903,HUANUCO,PUERTO INCA,HONORIA,090801
100904,HUANUCO,PUERTO INCA,TOURNAVISTA,090804
100905,HUANUCO,PUERTO INCA,YUYAPICHIS,090805
101001,HUANUCO,LAURICOCHA,JESUS,091001
101002,HUANUCO,LAURICOCHA,BAÑOS,091002
101003,HUANUCO,LAURICOCHA,JIVIA,091007
101004,HUANUCO,LAURICOCHA,QUEROPALCA,091004
101005,HUANUCO,LAURICOCHA,RONDOS,091006
101006,HUANUCO,LAURICOCHA,SAN FRANCISCO DE ASIS,091003
101007,HUANUCO,LAURICOCHA,SAN MIGUEL DE CAURI,091005
101101,HUANUCO,YAROWILCA,CHAVINILLO,091101
101102,HUANUCO,YAROWILCA,CAHUAC,091103
101103,HUANUCO,YAROWILCA,CHACABAMBA,091104
101104,HUANUCO,YAROWILCA,APARICIO POMARES,091102
101105,HUANUCO,YAROWILCA,JACAS CHICO,091105
101106,HUANUCO,YAROWILCA,OBAS,091106
101107,HUANUCO,YAROWILCA,PAMPAMARCA,091107
101108,HUANUCO,YAROWILCA,CHORAS,091108
110101,ICA,ICA,ICA,100101
110102,ICA,ICA,LA TINGUIÑA,100102
110103,ICA,ICA,LOS AQUIJES,100103
110104,ICA,ICA,OCUCAJE,100114
110105,ICA,ICA,PACHACUTEC,100113
110106,ICA,ICA,PARCONA,100104
110107,ICA,ICA,PUEBLO NUEVO,100105
110108,ICA,ICA,SALAS,100106
110109,ICA,ICA,SAN JOSE DE LOS MOLINOS,100107
110110,ICA,ICA,SAN JUAN BAUTISTA,100108
110111,ICA,ICA,SANTIAGO,100109
110112,ICA,ICA,SUBTANJALLA,100110
110113,ICA,ICA,TATE,100112
110114,ICA,ICA,YAUCA DEL ROSARIO,100111
110201,ICA,CHINCHA,CHINCHA ALTA,100201
110202,ICA,CHINCHA,ALTO LARAN,100209
110203,ICA,CHINCHA,CHAVIN,100202
110204,ICA,CHINCHA,CHINCHA BAJA,100203
110205,ICA,CHINCHA,EL CARMEN,100204
110206,ICA,CHINCHA,GROCIO PRADO,100205
110207,ICA,CHINCHA,PUEBLO NUEVO,100210
110208,ICA,CHINCHA,SAN JUAN DE YANAC,100211
110209,ICA,CHINCHA,SAN PEDRO DE HUACARPANA,100206
110210,ICA,CHINCHA,SUNAMPE,100207
110211,ICA,CHINCHA,TAMBO DE MORA,100208
110301,ICA,NASCA,NASCA,100301
110302,ICA,NASCA,CHANGUILLO,100302
110303,ICA,NASCA,EL INGENIO,100303
110304,ICA,NASCA,MARCONA,100304
110305,ICA,NASCA,VISTA ALEGRE,100305
110401,ICA,PALPA,PALPA,100501
110402,ICA,PALPA,LLIPATA,100502
110403,ICA,PALPA,RIO GRANDE,100503
110404,ICA,PALPA,SANTA CRUZ,100504
110405,ICA,PALPA,TIBILLO,100505
110501,ICA,PISCO,PISCO,100401
110502,ICA,PISCO,HUANCANO,100402
110503,ICA,PISCO,HUMAY,100403
110504,ICA,PISCO,INDEPENDENCIA,100404
110505,ICA,PISCO,PARACAS,100405
110506,ICA,PISCO,SAN ANDRES,100406
110507,ICA,PISCO,SAN CLEMENTE,100407
110508,ICA,PISCO,TUPAC AMARU INCA,100408
120101,JUNIN,HUANCAYO,HUANCAYO,110101
120104,JUNIN,HUANCAYO,CARHUACALLANGA,110103
120105,JUNIN,HUANCAYO,CHACAPAMPA,110106
120106,JUNIN,HUANCAYO,CHICCHE,110107
120107,JUNIN,HUANCAYO,CHILCA,110108
120108,JUNIN,HUANCAYO,CHONGOS ALTO,110109
120111,JUNIN,HUANCAYO,CHUPURO,110112
120112,JUNIN,HUANCAYO,COLCA,110104
120113,JUNIN,HUANCAYO,CULLHUAS,110105
120114,JUNIN,HUANCAYO,EL TAMBO,110113
120116,JUNIN,HUANCAYO,HUACRAPUQUIO,110114
120117,JUNIN,HUANCAYO,HUALHUAS,110116
120119,JUNIN,HUANCAYO,HUANCAN,110118
120120,JUNIN,HUANCAYO,HUASICANCHA,110119
120121,JUNIN,HUANCAYO,HUAYUCACHI,110120
120122,JUNIN,HUANCAYO,INGENIO,110121
120124,JUNIN,HUANCAYO,PARIAHUANCA,110122
120125,JUNIN,HUANCAYO,PILCOMAYO,110123
120126,JUNIN,HUANCAYO,PUCARA,110124
120127,JUNIN,HUANCAYO,QUICHUAY,110125
120128,JUNIN,HUANCAYO,QUILCAS,110126
120129,JUNIN,HUANCAYO,SAN AGUSTIN,110127
120130,JUNIN,HUANCAYO,SAN JERONIMO DE TUNAN,110128
120132,JUNIN,HUANCAYO,SAÑO,110132
120133,JUNIN,HUANCAYO,SAPALLANGA,110133
120134,JUNIN,HUANCAYO,SICAYA,110134
120135,JUNIN,HUANCAYO,SANTO DOMINGO DE ACOBAMBA,110131
120136,JUNIN,HUANCAYO,VIQUES,110136
120201,JUNIN,CONCEPCION,CONCEPCION,110201
120202,JUNIN,CONCEPCION,ACO,110202
120203,JUNIN,CONCEPCION,ANDAMARCA,110203
120204,JUNIN,CONCEPCION,CHAMBARA,110206
120205,JUNIN,CONCEPCION,COCHAS,110205
120206,JUNIN,CONCEPCION,COMAS,110204
120207,JUNIN,CONCEPCION,HEROINAS TOLEDO,110207
120208,JUNIN,CONCEPCION,MANZANARES,110208
120209,JUNIN,CONCEPCION,MARISCAL CASTILLA,110209
120210,JUNIN,CONCEPCION,MATAHUASI,110210
120211,JUNIN,CONCEPCION,MITO,110211
120212,JUNIN,CONCEPCION,NUEVE DE JULIO,110212
120213,JUNIN,CONCEPCION,ORCOTUNA,110213
120214,JUNIN,CONCEPCION,SAN JOSE DE QUERO,110215
120215,JUNIN,CONCEPCION,SANTA ROSA DE OCOPA,110214
120301,JUNIN,CHANCHAMAYO,CHANCHAMAYO,110801
120302,JUNIN,CHANCHAMAYO,PERENE,110806
120303,JUNIN,CHANCHAMAYO,PICHANAQUI,110805
120304,JUNIN,CHANCHAMAYO,SAN LUIS DE SHUARO,110804
120305,JUNIN,CHANCHAMAYO,SAN RAMON,110802
120306,JUNIN,CHANCHAMAYO,VITOC,110803
120401,JUNIN,JAUJA,JAUJA,110301
120402,JUNIN,JAUJA,ACOLLA,110302
120403,JUNIN,JAUJA,APATA,110303
120404,JUNIN,JAUJA,ATAURA,110304
120405,JUNIN,JAUJA,CANCHAYLLO,110305
120406,JUNIN,JAUJA,CURICACA,110331
120407,JUNIN,JAUJA,EL MANTARO,110306
120408,JUNIN,JAUJA,HUAMALI,110307
120409,JUNIN,JAUJA,HUARIPAMPA,110308
120410,JUNIN,JAUJA,HUERTAS,110309
120411,JUNIN,JAUJA,JANJAILLO,110310
120412,JUNIN,JAUJA,JULCAN,110311
120413,JUNIN,JAUJA,LEONOR ORDOÑEZ,110312
120414,JUNIN,JAUJA,LLOCLLAPAMPA,110313
120415,JUNIN,JAUJA,MARCO,110314
120416,JUNIN,JAUJA,MASMA,110315
120417,JUNIN,JAUJA,MASMA CHICCHE,110332
120418,JUNIN,JAUJA,MOLINOS,110316
120419,JUNIN,JAUJA,MONOBAMBA,110317
120420,JUNIN,JAUJA,MUQUI,110318
120421,JUNIN,JAUJA,MUQUIYAUYO,110319
120422,JUNIN,JAUJA,PACA,110320
120423,JUNIN,JAUJA,PACCHA,110321
120424,JUNIN,JAUJA,PANCAN,110322
120425,JUNIN,JAUJA,PARCO,110323
120426,JUNIN,JAUJA,POMACANCHA,110324
120427,JUNIN,JAUJA,RICRAN,110325
120428,JUNIN,JAUJA,SAN LORENZO,110326
120429,JUNIN,JAUJA,SAN PEDRO DE CHUNAN,110327
120430,JUNIN,JAUJA,SAUSA,110333
120431,JUNIN,JAUJA,SINCOS,110328
120432,JUNIN,JAUJA,TUNAN MARCA,110329
120433,JUNIN,JAUJA,YAULI,110330
120434,JUNIN,JAUJA,YAUYOS,110334
120501,JUNIN,JUNIN,JUNIN,110401
120502,JUNIN,JUNIN,CARHUAMAYO,110402
120503,JUNIN,JUNIN,ONDORES,110403
120504,JUNIN,JUNIN,ULCUMAYO,110404
120601,JUNIN,SATIPO,SATIPO,110701
120602,JUNIN,SATIPO,COVIRIALI,110702
120603,JUNIN,SATIPO,LLAYLLA,110703
120604,JUNIN,SATIPO,MAZAMARI,110704
120605,JUNIN,SATIPO,PAMPA HERMOSA,110705
120606,JUNIN,SATIPO,PANGOA,110706
120607,JUNIN,SATIPO,RIO NEGRO,110707
120608,JUNIN,SATIPO,RIO TAMBO,110708
120609,JUNIN,SATIPO,VIZCATAN DEL ENE,110709
120701,JUNIN,TARMA,TARMA,110501
120702,JUNIN,TARMA,ACOBAMBA,110502
120703,JUNIN,TARMA,HUARICOLCA,110503
120704,JUNIN,TARMA,HUASAHUASI,110504
120705,JUNIN,TARMA,LA UNION,110505
120706,JUNIN,TARMA,PALCA,110506
120707,JUNIN,TARMA,PALCAMAYO,110507
120708,JUNIN,TARMA,SAN PEDRO DE CAJAS,110508
120709,JUNIN,TARMA,TAPO,110509
120801,JUNIN,YAULI,LA OROYA,110601
120802,JUNIN,YAULI,CHACAPALPA,110602
120803,JUNIN,YAULI,HUAY-HUAY,110603
120804,JUNIN,YAULI,MARCAPOMACOCHA,110604
120805,JUNIN,YAULI,MOROCOCHA,110605
120806,JUNIN,YAULI,PACCHA,110606
120807,JUNIN,YAULI,SANTA BARBARA DE CARHUACAYAN,110607
120808,JUNIN,YAULI,SANTA ROSA DE SACCO,110610
120809,JUNIN,YAULI,SUITUCANCHA,110608
120810,JUNIN,YAULI,YAULI,110609
120901,JUNIN,CHUPACA,CHUPACA,110901
120902,JUNIN,CHUPACA,AHUAC,110902
120903,JUNIN,CHUPACA,CHONGOS BAJO,110903
120904,JUNIN,CHUPACA,HUACHAC,110904
120905,JUNIN,CHUPACA,HUAMANCACA CHICO,110905
120906,JUNIN,CHUPACA,SAN JUAN DE ISCOS,110906
120907,JUNIN,CHUPACA,SAN JUAN DE JARPA,110907
120908,JUNIN,CHUPACA,TRES DE DICIEMBRE,110908
120909,JUNIN,CHUPACA,YANACANCHA,110909
130101,LA LIBERTAD,TRUJILLO,TRUJILLO,120101
130102,LA LIBERTAD,TRUJILLO,EL PORVENIR,120110
130103,LA LIBERTAD,TRUJILLO,FLORENCIA DE MORA,120112
130104,LA LIBERTAD,TRUJILLO,HUANCHACO,120102
130105,LA LIBERTAD,TRUJILLO,LA ESPERANZA,120111
130106,LA LIBERTAD,TRUJILLO,LAREDO,120103
130107,LA LIBERTAD,TRUJILLO,MOCHE,120104
130108,LA LIBERTAD,TRUJILLO,POROTO,120109
130109,LA LIBERTAD,TRUJILLO,SALAVERRY,120105
130110,LA LIBERTAD,TRUJILLO,SIMBAL,120106
130111,LA LIBERTAD,TRUJILLO,VICTOR LARCO HERRERA,120107
130201,LA LIBERTAD,ASCOPE,ASCOPE,120801
130202,LA LIBERTAD,ASCOPE,CHICAMA,120802
130203,LA LIBERTAD,ASCOPE,CHOCOPE,120803
130204,LA LIBERTAD,ASCOPE,MAGDALENA DE CAO,120805
130205,LA LIBERTAD,ASCOPE,PAIJAN,120806
130206,LA LIBERTAD,ASCOPE,RAZURI,120807
130207,LA LIBERTAD,ASCOPE,SANTIAGO DE CAO,120804
130208,LA LIBERTAD,ASCOPE,CASA GRANDE,120808
130301,LA LIBERTAD,BOLIVAR,BOLIVAR,120201
130302,LA LIBERTAD,BOLIVAR,BAMBAMARCA,120202
130303,LA LIBERTAD,BOLIVAR,CONDORMARCA,120203
130304,LA LIBERTAD,BOLIVAR,LONGOTEA,120204
130305,LA LIBERTAD,BOLIVAR,UCHUMARCA,120206
130306,LA LIBERTAD,BOLIVAR,UCUNCHA,120205
130401,LA LIBERTAD,CHEPEN,CHEPEN,120901
130402,LA LIBERTAD,CHEPEN,PACANGA,120902
130403,LA LIBERTAD,CHEPEN,PUEBLO NUEVO,120903
130501,LA LIBERTAD,JULCAN,JULCAN,121001
130502,LA LIBERTAD,JULCAN,CALAMARCA,121003
130503,LA LIBERTAD,JULCAN,CARABAMBA,121002
130504,LA LIBERTAD,JULCAN,HUASO,121004
130601,LA LIBERTAD,OTUZCO,OTUZCO,120401
130602,LA LIBERTAD,OTUZCO,AGALLPAMPA,120402
130604,LA LIBERTAD,OTUZCO,CHARAT,120403
130605,LA LIBERTAD,OTUZCO,HUARANCHAL,120404
130606,LA LIBERTAD,OTUZCO,LA CUESTA,120405
130608,LA LIBERTAD,OTUZCO,MACHE,120413
130610,LA LIBERTAD,OTUZCO,PARANDAY,120408
130611,LA LIBERTAD,OTUZCO,SALPO,120409
130613,LA LIBERTAD,OTUZCO,SINSICAP,120410
130614,LA LIBERTAD,OTUZCO,USQUIL,120411
130701,LA LIBERTAD,PACASMAYO,SAN PEDRO DE LLOC,120501
130702,LA LIBERTAD,PACASMAYO,GUADALUPE,120503
130703,LA LIBERTAD,PACASMAYO,JEQUETEPEQUE,120504
130704,LA LIBERTAD,PACASMAYO,PACASMAYO,120506
130705,LA LIBERTAD,PACASMAYO,SAN JOSE,120508
130801,LA LIBERTAD,PATAZ,TAYABAMBA,120601
130802,LA LIBERTAD,PATAZ,BULDIBUYO,120602
130803,LA LIBERTAD,PATAZ,CHILLIA,120603
130804,LA LIBERTAD,PATAZ,HUANCASPATA,120605
130805,LA LIBERTAD,PATAZ,HUAYLILLAS,120604
130806,LA LIBERTAD,PATAZ,HUAYO,120606
130807,LA LIBERTAD,PATAZ,ONGON,120607
130808,LA LIBERTAD,PATAZ,PARCOY,120608
130809,LA LIBERTAD,PATAZ,PATAZ,120609
130810,LA LIBERTAD,PATAZ,PIAS,120610
130811,LA LIBERTAD,PATAZ,SANTIAGO DE CHALLAS,120613
130812,LA LIBERTAD,PATAZ,TAURIJA,120611
130813,LA LIBERTAD,PATAZ,URPAY,120612
130901,LA LIBERTAD,SANCHEZ CARRION,HUAMACHUCO,120301
130902,LA LIBERTAD,SANCHEZ CARRION,CHUGAY,120304
130903,LA LIBERTAD,SANCHEZ CARRION,COCHORCO,120302
130904,LA LIBERTAD,SANCHEZ CARRION,CURGOS,120303
130905,LA LIBERTAD,SANCHEZ CARRION,MARCABAL,120305
130906,LA LIBERTAD,SANCHEZ CARRION,SANAGORAN,120306
130907,LA LIBERTAD,SANCHEZ CARRION,SARIN,120307
130908,LA LIBERTAD,SANCHEZ CARRION,SARTIMBAMBA,120308
131001,LA LIBERTAD,SANTIAGO DE CHUCO,SANTIAGO DE CHUCO,120701
131002,LA LIBERTAD,SANTIAGO DE CHUCO,ANGASMARCA,120708
131003,LA LIBERTAD,SANTIAGO DE CHUCO,CACHICADAN,120702
131004,LA LIBERTAD,SANTIAGO DE CHUCO,MOLLEBAMBA,120703
131005,LA LIBERTAD,SANTIAGO DE CHUCO,MOLLEPATA,120704
131006,LA LIBERTAD,SANTIAGO DE CHUCO,QUIRUVILCA,120705
131007,LA LIBERTAD,SANTIAGO DE CHUCO,SANTA CRUZ DE CHUCA,120706
131008,LA LIBERTAD,SANTIAGO DE CHUCO,SITABAMBA,120707
131101,LA LIBERTAD,GRAN CHIMU,CASCAS,121101
131102,LA LIBERTAD,GRAN CHIMU,LUCMA,121102
131103,LA LIBERTAD,GRAN CHIMU,MARMOT,121103
131104,LA LIBERTAD,GRAN CHIMU,SAYAPULLO,121104
131201,LA LIBERTAD,VIRU,VIRU,121201
131202,LA LIBERTAD,VIRU,CHAO,121202
131203,LA LIBERTAD,VIRU,GUADALUPITO,121203
140101,LAMBAYEQUE,CHICLAYO,CHICLAYO,130101
140102,LAMBAYEQUE,CHICLAYO,CHONGOYAPE,130102
140103,LAMBAYEQUE,CHICLAYO,ETEN,130103
140104,LAMBAYEQUE,CHICLAYO,ETEN PUERTO,130104
140105,LAMBAYEQUE,CHICLAYO,JOSE LEONARDO ORTIZ,130112
140106,LAMBAYEQUE,CHICLAYO,LA VICTORIA,130115
140107,LAMBAYEQUE,CHICLAYO,LAGUNAS,130105
140108,LAMBAYEQUE,CHICLAYO,MONSEFU,130106
140109,LAMBAYEQUE,CHICLAYO,NUEVA ARICA,130107
140110,LAMBAYEQUE,CHICLAYO,OYOTUN,130108
140111,LAMBAYEQUE,CHICLAYO,PICSI,130109
140112,LAMBAYEQUE,CHICLAYO,PIMENTEL,130110
140113,LAMBAYEQUE,CHICLAYO,REQUE,130111
140114,LAMBAYEQUE,CHICLAYO,SANTA ROSA,130113
140115,LAMBAYEQUE,CHICLAYO,SAÑA,130114
140116,LAMBAYEQUE,CHICLAYO,CAYALTI,130116
140117,LAMBAYEQUE,CHICLAYO,PATAPO,130117
140118,LAMBAYEQUE,CHICLAYO,POMALCA,130118
140119,LAMBAYEQUE,CHICLAYO,PUCALA,130119
140120,LAMBAYEQUE,CHICLAYO,TUMAN,130120
140201,LAMBAYEQUE,FERREÑAFE,FERREÑAFE,130201
140202,LAMBAYEQUE,FERREÑAFE,CAÑARIS,130203
140203,LAMBAYEQUE,FERREÑAFE,INCAHUASI,130202
140204,LAMBAYEQUE,FERREÑAFE,MANUEL ANTONIO MESONES MURO,130206
140205,LAMBAYEQUE,FERREÑAFE,PITIPO,130204
140206,LAMBAYEQUE,FERREÑAFE,PUEBLO NUEVO,130205
140301,LAMBAYEQUE,LAMBAYEQUE,LAMBAYEQUE,130301
140302,LAMBAYEQUE,LAMBAYEQUE,CHOCHOPE,130302
140303,LAMBAYEQUE,LAMBAYEQUE,ILLIMO,130303
140304,LAMBAYEQUE,LAMBAYEQUE,JAYANCA,130304
140305,LAMBAYEQUE,LAMBAYEQUE,MOCHUMI,130305
140306,LAMBAYEQUE,LAMBAYEQUE,MORROPE,130306
140307,LAMBAYEQUE,LAMBAYEQUE,MOTUPE,130307
140308,LAMBAYEQUE,LAMBAYEQUE,OLMOS,130308
140309,LAMBAYEQUE,LAMBAYEQUE,PACORA,130309
140310,LAMBAYEQUE,LAMBAYEQUE,SALAS,130310
140311,LAMBAYEQUE,LAMBAYEQUE,SAN JOSE,130311
140312,LAMBAYEQUE,LAMBAYEQUE,TUCUME,130312
150101,LIMA,LIMA,LIMA,140101
150102,LIMA,LIMA,ANCON,140102
150103,LIMA,LIMA,ATE,140103
150104,LIMA,LIMA,BARRANCO,140125
150105,LIMA,LIMA,BREÑA,140104
150106,LIMA,LIMA,CARABAYLLO,140105
150107,LIMA,LIMA,CHACLACAYO,140107
150108,LIMA,LIMA,CHORRILLOS,140108
150109,LIMA,LIMA,CIENEGUILLA,140139
150110,LIMA,LIMA,COMAS,140106
150111,LIMA,LIMA,EL AGUSTINO,140135
150112,LIMA,LIMA,INDEPENDENCIA,140134
150113,LIMA,LIMA,JESUS MARIA,140133
150114,LIMA,LIMA,LA MOLINA,140110
150115,LIMA,LIMA,LA VICTORIA,140109
150116,LIMA,LIMA,LINCE,140111
150117,LIMA,LIMA,LOS OLIVOS,140142
150118,LIMA,LIMA,LURIGANCHO,140112
150119,LIMA,LIMA,LURIN,140113
150120,LIMA,LIMA,MAGDALENA DEL MAR,140114
150121,LIMA,LIMA,PUEBLO LIBRE,140117
150122,LIMA,LIMA,MIRAFLORES,140115
150123,LIMA,LIMA,PACHACAMAC,140116
150124,LIMA,LIMA,PUCUSANA,140118
150125,LIMA,LIMA,PUENTE PIEDRA,140119
150126,LIMA,LIMA,PUNTA HERMOSA,140120
150127,LIMA,LIMA,PUNTA NEGRA,140121
150128,LIMA,LIMA,RIMAC,140122
150129,LIMA,LIMA,SAN BARTOLO,140123
150130,LIMA,LIMA,SAN BORJA,140140
150131,LIMA,LIMA,SAN ISIDRO,140124
150132,LIMA,LIMA,SAN JUAN DE LURIGANCHO,140137
150133,LIMA,LIMA,SAN JUAN DE MIRAFLORES,140136
150134,LIMA,LIMA,SAN LUIS,140138
150135,LIMA,LIMA,SAN MARTIN DE PORRES,140126
150136,LIMA,LIMA,SAN MIGUEL,140127
150137,LIMA,LIMA,SANTA ANITA,140143
150138,LIMA,LIMA,SANTA MARIA DEL MAR,140128
150139,LIMA,LIMA,SANTA ROSA,140129
150140,LIMA,LIMA,SANTIAGO DE SURCO,140130
150141,LIMA,LIMA,SURQUILLO,140131
150142,LIMA,LIMA,VILLA EL SALVADOR,140141
150143,LIMA,LIMA,VILLA MARIA DEL TRIUNFO,140132
150201,LIMA,BARRANCA,BARRANCA,140901
150202,LIMA,BARRANCA,PARAMONGA,140902
150203,LIMA,BARRANCA,PATIVILCA,140903
150204,LIMA,BARRANCA,SUPE,140904
150205,LIMA,BARRANCA,SUPE PUERTO,140905
150301,LIMA,CAJATAMBO,CAJATAMBO,140201
150302,LIMA,CAJATAMBO,COPA,140205
150303,LIMA,CAJATAMBO,GORGOR,140206
150304,LIMA,CAJATAMBO,HUANCAPON,140207
150305,LIMA,CAJATAMBO,MANAS,140208
150401,LIMA,CANTA,CANTA,140301
150402,LIMA,CANTA,ARAHUAY,140302
150403,LIMA,CANTA,HUAMANTANGA,140303
150404,LIMA,CANTA,HUAROS,140304
150405,LIMA,CANTA,LACHAQUI,140305
150406,LIMA,CANTA,SAN BUENAVENTURA,140306
150407,LIMA,CANTA,SANTA ROSA DE QUIVES,140307
150501,LIMA,CAÑETE,SAN VICENTE DE CAÑETE,140401
150502,LIMA,CAÑETE,ASIA,140416
150503,LIMA,CAÑETE,CALANGO,140402
150504,LIMA,CAÑETE,CERRO AZUL,140403
150505,LIMA,CAÑETE,CHILCA,140405
150506,LIMA,CAÑETE,COAYLLO,140404
150507,LIMA,CAÑETE,IMPERIAL,140406
150508,LIMA,CAÑETE,LUNAHUANA,140407
150509,LIMA,CAÑETE,MALA,140408
150510,LIMA,CAÑETE,NUEVO IMPERIAL,140409
150511,LIMA,CAÑETE,PACARAN,140410
150512,LIMA,CAÑETE,QUILMANA,140411
150513,LIMA,CAÑETE,SAN ANTONIO,140412
150514,LIMA,CAÑETE,SAN LUIS,140413
150515,LIMA,CAÑETE,SANTA CRUZ DE FLORES,140414
150516,LIMA,CAÑETE,ZUÑIGA,140415
150601,LIMA,HUARAL,HUARAL,140801
150602,LIMA,HUARAL,ATAVILLOS ALTO,140802
150603,LIMA,HUARAL,ATAVILLOS BAJO,140803
150604,LIMA,HUARAL,AUCALLAMA,140804
150605,LIMA,HUARAL,CHANCAY,140805
150606,LIMA,HUARAL,IHUARI,140806
150607,LIMA,HUARAL,LAMPIAN,140807
150608,LIMA,HUARAL,PACARAOS,140808
150609,LIMA,HUARAL,SAN MIGUEL DE ACOS,140809
150610,LIMA,HUARAL,SANTA CRUZ DE ANDAMARCA,140811
150611,LIMA,HUARAL,SUMBILCA,140812
150612,LIMA,HUARAL,VEINTISIETE DE NOVIEMBRE,140810
150701,LIMA,HUAROCHIRI,MATUCANA,140601
150702,LIMA,HUAROCHIRI,ANTIOQUIA,140602
150703,LIMA,HUAROCHIRI,CALLAHUANCA,140603
150704,LIMA,HUAROCHIRI,CARAMPOMA,140604
150705,LIMA,HUAROCHIRI,CHICLA,140607
150706,LIMA,HUAROCHIRI,CUENCA,140606
150707,LIMA,HUAROCHIRI,HUACHUPAMPA,140630
150708,LIMA,HUAROCHIRI,HUANZA,140608
150709,LIMA,HUAROCHIRI,HUAROCHIRI,140609
150710,LIMA,HUAROCHIRI,LAHUAYTAMBO,140610
150711,LIMA,HUAROCHIRI,LANGA,140611
150712,LIMA,HUAROCHIRI,SAN PEDRO DE LARAOS,140631
150713,LIMA,HUAROCHIRI,MARIATANA,140612
150714,LIMA,HUAROCHIRI,RICARDO PALMA,140613
150715,LIMA,HUAROCHIRI,SAN ANDRES DE TUPICOCHA,140614
150716,LIMA,HUAROCHIRI,SAN ANTONIO,140615
150717,LIMA,HUAROCHIRI,SAN BARTOLOME,140616
150718,LIMA,HUAROCHIRI,SAN DAMIAN,140617
150719,LIMA,HUAROCHIRI,SAN JUAN DE IRIS,140632
150720,LIMA,HUAROCHIRI,SAN JUAN DE TANTARANCHE,140619
150721,LIMA,HUAROCHIRI,SAN LORENZO DE QUINTI,140620
150722,LIMA,HUAROCHIRI,SAN MATEO,140621
150723,LIMA,HUAROCHIRI,SAN MATEO DE OTAO,140622
150724,LIMA,HUAROCHIRI,SAN PEDRO DE CASTA,140605
150725,LIMA,HUAROCHIRI,SAN PEDRO DE HUANCAYRE,140623
150726,LIMA,HUAROCHIRI,SANGALLAYA,140618
150727,LIMA,HUAROCHIRI,SANTA CRUZ DE COCACHACRA,140624
150728,LIMA,HUAROCHIRI,SANTA EULALIA,140625
150729,LIMA,HUAROCHIRI,SANTIAGO DE ANCHUCAYA,140626
150730,LIMA,HUAROCHIRI,SANTIAGO DE TUNA,140627
150731,LIMA,HUAROCHIRI,SANTO DOMINGO DE LOS OLLEROS,140628
150732,LIMA,HUAROCHIRI,SURCO,140629
150801,LIMA,HUAURA,HUACHO,140501
150802,LIMA,HUAURA,AMBAR,140502
150803,LIMA,HUAURA,CALETA DE CARQUIN,140504
150804,LIMA,HUAURA,CHECRAS,140505
150805,LIMA,HUAURA,HUALMAY,140506
150806,LIMA,HUAURA,HUAURA,140507
150807,LIMA,HUAURA,LEONCIO PRADO,140508
150808,LIMA,HUAURA,PACCHO,140509
150809,LIMA,HUAURA,SANTA LEONOR,140511
150810,LIMA,HUAURA,SANTA MARIA,140512
150811,LIMA,HUAURA,SAYAN,140513
150812,LIMA,HUAURA,VEGUETA,140516
150901,LIMA,OYON,OYON,141001
150902,LIMA,OYON,ANDAJES,141004
150903,LIMA,OYON,CAUJUL,141003
150904,LIMA,OYON,COCHAMARCA,141006
150905,LIMA,OYON,NAVAN,141002
150906,LIMA,OYON,PACHANGARA,141005
151001,LIMA,YAUYOS,YAUYOS,140701
151002,LIMA,YAUYOS,ALIS,140702
151003,LIMA,YAUYOS,ALLAUCA,140703
151004,LIMA,YAUYOS,AYAVIRI,140704
151005,LIMA,YAUYOS,AZANGARO,140705
151006,LIMA,YAUYOS,CACRA,140706
151007,LIMA,YAUYOS,CARANIA,140707
151008,LIMA,YAUYOS,CATAHUASI,140733
151009,LIMA,YAUYOS,CHOCOS,140710
151010,LIMA,YAUYOS,COCHAS,140708
151011,LIMA,YAUYOS,COLONIA,140709
151012,LIMA,YAUYOS,HONGOS,140730
151013,LIMA,YAUYOS,HUAMPARA,140711
151014,LIMA,YAUYOS,HUANCAYA,140712
151015,LIMA,YAUYOS,HUANGASCAR,140713
151016,LIMA,YAUYOS,HUANTAN,140714
151017,LIMA,YAUYOS,HUAÑEC,140715
151018,LIMA,YAUYOS,LARAOS,140716
151019,LIMA,YAUYOS,LINCHA,140717
151020,LIMA,YAUYOS,MADEAN,140731
151021,LIMA,YAUYOS,MIRAFLORES,140718
151022,LIMA,YAUYOS,OMAS,140719
151023,LIMA,YAUYOS,PUTINZA,140732
151024,LIMA,YAUYOS,QUINCHES,140720
151025,LIMA,YAUYOS,QUINOCAY,140721
151026,LIMA,YAUYOS,SAN JOAQUIN,140722
151027,LIMA,YAUYOS,SAN PEDRO DE PILAS,140723
151028,LIMA,YAUYOS,TANTA,140724
151029,LIMA,YAUYOS,TAURIPAMPA,140725
151030,LIMA,YAUYOS,TOMAS,140727
151031,LIMA,YAUYOS,TUPE,140726
151032,LIMA,YAUYOS,VIÑAC,140728
151033,LIMA,YAUYOS,VITIS,140729
160101,LORETO,MAYNAS,IQUITOS,150101
160102,LORETO,MAYNAS,ALTO NANAY,150102
160103,LORETO,MAYNAS,FERNANDO LORES,150103
160104,LORETO,MAYNAS,INDIANA,150110
160105,LORETO,MAYNAS,LAS AMAZONAS,150104
160106,LORETO,MAYNAS,MAZAN,150105
160107,LORETO,MAYNAS,NAPO,150106
160108,LORETO,MAYNAS,PUNCHANA,150111
160110,LORETO,MAYNAS,TORRES CAUSANA,150108
160112,LORETO,MAYNAS,BELEN,150112
160113,LORETO,MAYNAS,SAN JUAN BAUTISTA,150113
160201,LORETO,ALTO AMAZONAS,YURIMAGUAS,150201
160202,LORETO,ALTO AMAZONAS,BALSAPUERTO,150202
160205,LORETO,ALTO AMAZONAS,JEBEROS,150205
160206,LORETO,ALTO AMAZONAS,LAGUNAS,150206
160210,LORETO,ALTO AMAZONAS,SANTA CRUZ,150210
160211,LORETO,ALTO AMAZONAS,TENIENTE CESAR LOPEZ ROJAS,150211
160301,LORETO,LORETO,NAUTA,150301
160302,LORETO,LORETO,PARINARI,150302
160303,LORETO,LORETO,TIGRE,150303
160304,LORETO,LORETO,TROMPETEROS,150305
160305,LORETO,LORETO,URARINAS,150304
160401,LORETO,MARISCAL RAMON CASTILLA,RAMON CASTILLA,150601
160402,LORETO,MARISCAL RAMON CASTILLA,PEBAS,150602
160403,LORETO,MARISCAL RAMON CASTILLA,YAVARI,150603
160404,LORETO,MARISCAL RAMON CASTILLA,SAN PABLO,150604
160501,LORETO,REQUENA,REQUENA,150401
160502,LORETO,REQUENA,ALTO TAPICHE,150402
160503,LORETO,REQUENA,CAPELO,150403
160504,LORETO,REQUENA,EMILIO SAN MARTIN,150404
160505,LORETO,REQUENA,MAQUIA,150405
160506,LORETO,REQUENA,PUINAHUA,150406
160507,LORETO,REQUENA,SAQUENA,150407
160508,LORETO,REQUENA,SOPLIN,150408
160509,LORETO,REQUENA,TAPICHE,150409
160510,LORETO,REQUENA,JENARO HERRERA,150410
160511,LORETO,REQUENA,YAQUERANA,150411
160601,LORETO,UCAYALI,CONTAMANA,150501
160602,LORETO,UCAYALI,INAHUAYA,150506
160603,LORETO,UCAYALI,PADRE MARQUEZ,150503
160604,LORETO,UCAYALI,PAMPA HERMOSA,150504
160605,LORETO,UCAYALI,SARAYACU,150505
160606,LORETO,UCAYALI,VARGAS GUERRA,150502
160701,LORETO,DATEM DEL MARAÑON,BARRANCA,150701
160702,LORETO,DATEM DEL MARAÑON,CAHUAPANAS,150703
160703,LORETO,DATEM DEL MARAÑON,MANSERICHE,150704
160704,LORETO,DATEM DEL MARAÑON,MORONA,150705
160705,LORETO,DATEM DEL MARAÑON,PASTAZA,150706
160706,LORETO,DATEM DEL MARAÑON,ANDOAS,150702
160801,LORETO,PUTUMAYO,PUTUMAYO,150901
160802,LORETO,PUTUMAYO,ROSA PANDURO,150902
160803,LORETO,PUTUMAYO,TENIENTE MANUEL CLAVERO,150903
160804,LORETO,PUTUMAYO,YAGUAS,150904
170101,MADRE DE DIOS,TAMBOPATA,TAMBOPATA,160101
170102,MADRE DE DIOS,TAMBOPATA,INAMBARI,160102
170103,MADRE DE DIOS,TAMBOPATA,LAS PIEDRAS,160103
170104,MADRE DE DIOS,TAMBOPATA,LABERINTO,160104
170201,MADRE DE DIOS,MANU,MANU,160201
170202,MADRE DE DIOS,MANU,FITZCARRALD,160202
170203,MADRE DE DIOS,MANU,MADRE DE DIOS,160203
170204,MADRE DE DIOS,MANU,HUEPETUHE,160204
170301,MADRE DE DIOS,TAHUAMANU,IÑAPARI,160301
170302,MADRE DE DIOS,TAHUAMANU,IBERIA,160302
170303,MADRE DE DIOS,TAHUAMANU,TAHUAMANU,160303
180101,MOQUEGUA,MARISCAL NIETO,MOQUEGUA,170101
180102,MOQUEGUA,MARISCAL NIETO,CARUMAS,170102
180103,MOQUEGUA,MARISCAL NIETO,CUCHUMBAYA,170103
180104,MOQUEGUA,MARISCAL NIETO,SAMEGUA,170106
180105,MOQUEGUA,MARISCAL NIETO,SAN CRISTOBAL,170104
180106,MOQUEGUA,MARISCAL NIETO,TORATA,170105
180201,MOQUEGUA,GENERAL SANCHEZ CERRO,OMATE,170201
180202,MOQUEGUA,GENERAL SANCHEZ CERRO,CHOJATA,170203
180203,MOQUEGUA,GENERAL SANCHEZ CERRO,COALAQUE,170202
180204,MOQUEGUA,GENERAL SANCHEZ CERRO,ICHUÑA,170204
180205,MOQUEGUA,GENERAL SANCHEZ CERRO,LA CAPILLA,170205
180206,MOQUEGUA,GENERAL SANCHEZ CERRO,LLOQUE,170206
180207,MOQUEGUA,GENERAL SANCHEZ CERRO,MATALAQUE,170207
180208,MOQUEGUA,GENERAL SANCHEZ CERRO,PUQUINA,170208
180209,MOQUEGUA,GENERAL SANCHEZ CERRO,QUINISTAQUILLAS,170209
180210,MOQUEGUA,GENERAL SANCHEZ CERRO,UBINAS,170210
180211,MOQUEGUA,GENERAL SANCHEZ CERRO,YUNGA,170211
180301,MOQUEGUA,ILO,ILO,170301
180302,MOQUEGUA,ILO,EL ALGARROBAL,170302
180303,MOQUEGUA,ILO,PACOCHA,170303
190101,PASCO,PASCO,CHAUPIMARCA,180101
190102,PASCO,PASCO,HUACHON,180103
190103,PASCO,PASCO,HUARIACA,180104
190104,PASCO,PASCO,HUAYLLAY,180105
190105,PASCO,PASCO,NINACACA,180106
190106,PASCO,PASCO,PALLANCHACRA,180107
190107,PASCO,PASCO,PAUCARTAMBO,180108
190108,PASCO,PASCO,SAN FRANCISCO DE ASIS DE YARUSYACAN,180109
190109,PASCO,PASCO,SIMON BOLIVAR,180110
190110,PASCO,PASCO,TICLACAYAN,180111
190111,PASCO,PASCO,TINYAHUARCO,180112
190112,PASCO,PASCO,VICCO,180113
190113,PASCO,PASCO,YANACANCHA,180114
190201,PASCO,DANIEL ALCIDES CARRION,YANAHUANCA,180201
190202,PASCO,DANIEL ALCIDES CARRION,CHACAYAN,180202
190203,PASCO,DANIEL ALCIDES CARRION,GOYLLARISQUIZGA,180203
190204,PASCO,DANIEL ALCIDES CARRION,PAUCAR,180204
190205,PASCO,DANIEL ALCIDES CARRION,SAN PEDRO DE PILLAO,180205
190206,PASCO,DANIEL ALCIDES CARRION,SANTA ANA DE TUSI,180206
190207,PASCO,DANIEL ALCIDES CARRION,TAPUC,180207
190208,PASCO,DANIEL ALCIDES CARRION,VILCABAMBA,180208
190301,PASCO,OXAPAMPA,OXAPAMPA,180301
190302,PASCO,OXAPAMPA,CHONTABAMBA,180302
190303,PASCO,OXAPAMPA,HUANCABAMBA,180303
190304,PASCO,OXAPAMPA,PALCAZU,180307
190305,PASCO,OXAPAMPA,POZUZO,180306
190306,PASCO,OXAPAMPA,PUERTO BERMUDEZ,180304
190307,PASCO,OXAPAMPA,VILLA RICA,180305
190308,PASCO,OXAPAMPA,CONSTITUCION,180308
200101,PIURA,PIURA,PIURA,190101
200104,PIURA,PIURA,CASTILLA,190103
200105,PIURA,PIURA,CATACAOS,190104
200107,PIURA,PIURA,CURA MORI,190113
200108,PIURA,PIURA,EL TALLAN,190114
200109,PIURA,PIURA,LA ARENA,190105
200110,PIURA,PIURA,LA UNION,190106
200111,PIURA,PIURA,LAS LOMAS,190107
200114,PIURA,PIURA,TAMBO GRANDE,190109
200115,PIURA,PIURA,VEINTISEIS DE OCTUBRE,190115
200201,PIURA,AYABACA,AYABACA,190201
200202,PIURA,AYABACA,FRIAS,190202
200203,PIURA,AYABACA,JILILI,190209
200204,PIURA,AYABACA,LAGUNAS,190203
200205,PIURA,AYABACA,MONTERO,190204
200206,PIURA,AYABACA,PACAIPAMPA,190205
200207,PIURA,AYABACA,PAIMAS,190210
200208,PIURA,AYABACA,SAPILLICA,190206
200209,PIURA,AYABACA,SICCHEZ,190207
200210,PIURA,AYABACA,SUYO,190208
200301,PIURA,HUANCABAMBA,HUANCABAMBA,190301
200302,PIURA,HUANCABAMBA,CANCHAQUE,190302
200303,PIURA,HUANCABAMBA,EL CARMEN DE LA FRONTERA,190306
200304,PIURA,HUANCABAMBA,HUARMACA,190303
200305,PIURA,HUANCABAMBA,LALAQUIZ,190308
200306,PIURA,HUANCABAMBA,SAN MIGUEL DE EL FAIQUE,190307
200307,PIURA,HUANCABAMBA,SONDOR,190304
200308,PIURA,HUANCABAMBA,SONDORILLO,190305
200401,PIURA,MORROPON,CHULUCANAS,190401
200402,PIURA,MORROPON,BUENOS AIRES,190402
200403,PIURA,MORROPON,CHALACO,190403
200404,PIURA,MORROPON,LA MATANZA,190408
200405,PIURA,MORROPON,MORROPON,190404
200406,PIURA,MORROPON,SALITRAL,190405
200407,PIURA,MORROPON,SAN JUAN DE BIGOTE,190410
200408,PIURA,MORROPON,SANTA CATALINA DE MOSSA,190406
200409,PIURA,MORROPON,SANTO DOMINGO,190407
200410,PIURA,MORROPON,YAMANGO,190409
200501,PIURA,PAITA,PAITA,190501
200502,PIURA,PAITA,AMOTAPE,190502
200503,PIURA,PAITA,ARENAL,190503
200504,PIURA,PAITA,COLAN,190505
200505,PIURA,PAITA,LA HUACA,190504
200506,PIURA,PAITA,TAMARINDO,190506
200507,PIURA,PAITA,VICHAYAL,190507
200601,PIURA,SULLANA,SULLANA,190601
200602,PIURA,SULLANA,BELLAVISTA,190602
200603,PIURA,SULLANA,IGNACIO ESCUDERO,190608
200604,PIURA,SULLANA,LANCONES,190603
200605,PIURA,SULLANA,MARCAVELICA,190604
200606,PIURA,SULLANA,MIGUEL CHECA,190605
200607,PIURA,SULLANA,QUERECOTILLO,190606
200608,PIURA,SULLANA,SALITRAL,190607
200701,PIURA,TALARA,PARIÑAS,190701
200702,PIURA,TALARA,EL ALTO,190702
200703,PIURA,TALARA,LA BREA,190703
200704,PIURA,TALARA,LOBITOS,190704
200705,PIURA,TALARA,LOS ORGANOS,190706
200706,PIURA,TALARA,MANCORA,190705
200801,PIURA,SECHURA,SECHURA,190801
200802,PIURA,SECHURA,BELLAVISTA DE LA UNION,190804
200803,PIURA,SECHURA,BERNAL,190803
200804,PIURA,SECHURA,CRISTO NOS VALGA,190805
200805,PIURA,SECHURA,VICE,190802
200806,PIURA,SECHURA,RINCONADA LLICUAR,190806
210101,PUNO,PUNO,PUNO,200101
210102,PUNO,PUNO,ACORA,200102
210103,PUNO,PUNO,AMANTANI,200115
210104,PUNO,PUNO,ATUNCOLLA,200103
210105,PUNO,PUNO,CAPACHICA,200104
210106,PUNO,PUNO,CHUCUITO,200106
210107,PUNO,PUNO,COATA,200105
210108,PUNO,PUNO,HUATA,200107
210109,PUNO,PUNO,MAÑAZO,200108
210110,PUNO,PUNO,PAUCARCOLLA,200109
210111,PUNO,PUNO,PICHACANI,200110
210112,PUNO,PUNO,PLATERIA,200114
210113,PUNO,PUNO,SAN ANTONIO,200111
210114,PUNO,PUNO,TIQUILLACA,200112
210115,PUNO,PUNO,VILQUE,200113
210201,PUNO,AZANGARO,AZANGARO,200201
210202,PUNO,AZANGARO,ACHAYA,200202
210203,PUNO,AZANGARO,ARAPA,200203
210204,PUNO,AZANGARO,ASILLO,200204
210205,PUNO,AZANGARO,CAMINACA,200205
210206,PUNO,AZANGARO,CHUPA,200206
210207,PUNO,AZANGARO,JOSE DOMINGO CHOQUEHUANCA,200207
210208,PUNO,AZANGARO,MUÑANI,200208
210209,PUNO,AZANGARO,POTONI,200210
210210,PUNO,AZANGARO,SAMAN,200212
210211,PUNO,AZANGARO,SAN ANTON,200213
210212,PUNO,AZANGARO,SAN JOSE,200214
210213,PUNO,AZANGARO,SAN JUAN DE SALINAS,200215
210214,PUNO,AZANGARO,SANTIAGO DE PUPUJA,200216
210215,PUNO,AZANGARO,TIRAPATA,200217
210301,PUNO,CARABAYA,MACUSANI,200301
210302,PUNO,CARABAYA,AJOYANI,200302
210303,PUNO,CARABAYA,AYAPATA,200303
210304,PUNO,CARABAYA,COASA,200304
210305,PUNO,CARABAYA,CORANI,200305
210306,PUNO,CARABAYA,CRUCERO,200306
210307,PUNO,CARABAYA,ITUATA,200307
210308,PUNO,CARABAYA,OLLACHEA,200308
210309,PUNO,CARABAYA,SAN GABAN,200309
210310,PUNO,CARABAYA,USICAYOS,200310
210401,PUNO,CHUCUITO,JULI,200401
210402,PUNO,CHUCUITO,DESAGUADERO,200402
210403,PUNO,CHUCUITO,HUACULLANI,200403
210404,PUNO,CHUCUITO,KELLUYO,200412
210405,PUNO,CHUCUITO,PISACOMA,200406
210406,PUNO,CHUCUITO,POMATA,200407
210407,PUNO,CHUCUITO,ZEPITA,200410
210501,PUNO,EL COLLAO,ILAVE,201201
210502,PUNO,EL COLLAO,CAPAZO,201204
210503,PUNO,EL COLLAO,PILCUYO,201202
210504,PUNO,EL COLLAO,SANTA ROSA,201203
210505,PUNO,EL COLLAO,CONDURIRI,201205
210601,PUNO,HUANCANE,HUANCANE,200501
210602,PUNO,HUANCANE,COJATA,200502
210603,PUNO,HUANCANE,HUATASANI,200511
210604,PUNO,HUANCANE,INCHUPALLA,200504
210605,PUNO,HUANCANE,PUSI,200506
210606,PUNO,HUANCANE,ROSASPATA,200507
210607,PUNO,HUANCANE,TARACO,200508
210608,PUNO,HUANCANE,VILQUE CHICO,200509
210701,PUNO,LAMPA,LAMPA,200601
210702,PUNO,LAMPA,CABANILLA,200602
210703,PUNO,LAMPA,CALAPUJA,200603
210704,PUNO,LAMPA,NICASIO,200604
210705,PUNO,LAMPA,OCUVIRI,200605
210706,PUNO,LAMPA,PALCA,200606
210707,PUNO,LAMPA,PARATIA,200607
210708,PUNO,LAMPA,PUCARA,200608
210709,PUNO,LAMPA,SANTA LUCIA,200609
210710,PUNO,LAMPA,VILAVILA,200610
210801,PUNO,MELGAR,AYAVIRI,200701
210802,PUNO,MELGAR,ANTAUTA,200702
210803,PUNO,MELGAR,CUPI,200703
210804,PUNO,MELGAR,LLALLI,200704
210805,PUNO,MELGAR,MACARI,200705
210806,PUNO,MELGAR,NUÑOA,200706
210807,PUNO,MELGAR,ORURILLO,200707
210808,PUNO,MELGAR,SANTA ROSA,200708
210809,PUNO,MELGAR,UMACHIRI,200709
210901,PUNO,MOHO,MOHO,201301
210902,PUNO,MOHO,CONIMA,201302
210903,PUNO,MOHO,HUAYRAPATA,201304
210904,PUNO,MOHO,TILALI,201303
211001,PUNO,SAN ANTONIO DE PUTINA,PUTINA,201101
211002,PUNO,SAN ANTONIO DE PUTINA,ANANEA,201104
211003,PUNO,SAN ANTONIO DE PUTINA,PEDRO VILCA APAZA,201102
211004,PUNO,SAN ANTONIO DE PUTINA,QUILCAPUNCU,201103
211005,PUNO,SAN ANTONIO DE PUTINA,SINA,201105
211101,PUNO,SAN ROMAN,JULIACA,200901
211102,PUNO,SAN ROMAN,CABANA,200902
211103,PUNO,SAN ROMAN,CABANILLAS,200903
211104,PUNO,SAN ROMAN,CARACOTO,200904
211105,PUNO,SAN ROMAN,SAN MIGUEL,200905
211201,PUNO,SANDIA,SANDIA,200801
211202,PUNO,SANDIA,CUYOCUYO,200803
211203,PUNO,SANDIA,LIMBANI,200804
211204,PUNO,SANDIA,PATAMBUCO,200806
211205,PUNO,SANDIA,PHARA,200805
211206,PUNO,SANDIA,QUIACA,200807
211207,PUNO,SANDIA,SAN JUAN DEL ORO,200808
211208,PUNO,SANDIA,YANAHUAYA,200810
211209,PUNO,SANDIA,ALTO INAMBARI,200811
211210,PUNO,SANDIA,SAN PEDRO DE PUTINA PUNCO,200812
211301,PUNO,YUNGUYO,YUNGUYO,201001
211302,PUNO,YUNGUYO,ANAPIA,201003
211303,PUNO,YUNGUYO,COPANI,201004
211304,PUNO,YUNGUYO,CUTURAPI,201005
211305,PUNO,YUNGUYO,OLLARAYA,201006
211306,PUNO,YUNGUYO,TINICACHI,201007
211307,PUNO,YUNGUYO,UNICACHI,201002
220101,SAN MARTIN,MOYOBAMBA,MOYOBAMBA,210101
220102,SAN MARTIN,MOYOBAMBA,CALZADA,210102
220103,SAN MARTIN,MOYOBAMBA,HABANA,210103
220104,SAN MARTIN,MOYOBAMBA,JEPELACIO,210104
220105,SAN MARTIN,MOYOBAMBA,SORITOR,210105
220106,SAN MARTIN,MOYOBAMBA,YANTALO,210106
220201,SAN MARTIN,BELLAVISTA,BELLAVISTA,210701
220202,SAN MARTIN,BELLAVISTA,ALTO BIAVO,210704
220203,SAN MARTIN,BELLAVISTA,BAJO BIAVO,210706
220204,SAN MARTIN,BELLAVISTA,HUALLAGA,210705
220205,SAN MARTIN,BELLAVISTA,SAN PABLO,210703
220206,SAN MARTIN,BELLAVISTA,SAN RAFAEL,210702
220301,SAN MARTIN,EL DORADO,SAN JOSE DE SISA,211001
220302,SAN MARTIN,EL DORADO,AGUA BLANCA,211002
220303,SAN MARTIN,EL DORADO,SAN MARTIN,211004
220304,SAN MARTIN,EL DORADO,SANTA ROSA,211005
220305,SAN MARTIN,EL DORADO,SHATOJA,211003
220401,SAN MARTIN,HUALLAGA,SAPOSOA,210201
220402,SAN MARTIN,HUALLAGA,ALTO SAPOSOA,210205
220403,SAN MARTIN,HUALLAGA,EL ESLABON,210206
220404,SAN MARTIN,HUALLAGA,PISCOYACU,210202
220405,SAN MARTIN,HUALLAGA,SACANCHE,210203
220406,SAN MARTIN,HUALLAGA,TINGO DE SAPOSOA,210204
220501,SAN MARTIN,LAMAS,LAMAS,210301
220502,SAN MARTIN,LAMAS,ALONSO DE ALVARADO,210315
220503,SAN MARTIN,LAMAS,BARRANQUITA,210303
220504,SAN MARTIN,LAMAS,CAYNARACHI,210304
220505,SAN MARTIN,LAMAS,CUÑUMBUQUI,210305
220506,SAN MARTIN,LAMAS,PINTO RECODO,210306
220507,SAN MARTIN,LAMAS,RUMISAPA,210307
220508,SAN MARTIN,LAMAS,SAN ROQUE DE CUMBAZA,210316
220509,SAN MARTIN,LAMAS,SHANAO,210311
220510,SAN MARTIN,LAMAS,TABALOSOS,210313
220511,SAN MARTIN,LAMAS,ZAPATERO,210314
220601,SAN MARTIN,MARISCAL CACERES,JUANJUI,210401
220602,SAN MARTIN,MARISCAL CACERES,CAMPANILLA,210402
220603,SAN MARTIN,MARISCAL CACERES,HUICUNGO,210403
220604,SAN MARTIN,MARISCAL CACERES,PACHIZA,210404
220605,SAN MARTIN,MARISCAL CACERES,PAJARILLO,210405
220701,SAN MARTIN,PICOTA,PICOTA,210901
220702,SAN MARTIN,PICOTA,BUENOS AIRES,210902
220703,SAN MARTIN,PICOTA,CASPISAPA,210903
220704,SAN MARTIN,PICOTA,PILLUANA,210904
220705,SAN MARTIN,PICOTA,PUCACACA,210905
220706,SAN MARTIN,PICOTA,SAN CRISTOBAL,210906
220707,SAN MARTIN,PICOTA,SAN HILARION,210907
220708,SAN MARTIN,PICOTA,SHAMBOYACU,210910
220709,SAN MARTIN,PICOTA,TINGO DE PONASA,210908
220710,SAN MARTIN,PICOTA,TRES UNIDOS,210909
220801,SAN MARTIN,RIOJA,RIOJA,210501
220802,SAN MARTIN,RIOJA,AWAJUN,210509
220803,SAN MARTIN,RIOJA,ELIAS SOPLIN VARGAS,210506
220804,SAN MARTIN,RIOJA,NUEVA CAJAMARCA,210505
220805,SAN MARTIN,RIOJA,PARDO MIGUEL,210508
220806,SAN MARTIN,RIOJA,POSIC,210502
220807,SAN MARTIN,RIOJA,SAN FERNANDO,210507
220808,SAN MARTIN,RIOJA,YORONGOS,210503
220809,SAN MARTIN,RIOJA,YURACYACU,210504
220901,SAN MARTIN,SAN MARTIN,TARAPOTO,210601
220902,SAN MARTIN,SAN MARTIN,ALBERTO LEVEAU,210602
220903,SAN MARTIN,SAN MARTIN,CACATACHI,210604
220904,SAN MARTIN,SAN MARTIN,CHAZUTA,210606
220905,SAN MARTIN,SAN MARTIN,CHIPURANA,210607
220906,SAN MARTIN,SAN MARTIN,EL PORVENIR,210608
220907,SAN MARTIN,SAN MARTIN,HUIMBAYOC,210609
220908,SAN MARTIN,SAN MARTIN,JUAN GUERRA,210610
220909,SAN MARTIN,SAN MARTIN,LA BANDA DE SHILCAYO,210621
220910,SAN MARTIN,SAN MARTIN,MORALES,210611
220911,SAN MARTIN,SAN MARTIN,PAPAPLAYA,210612
220912,SAN MARTIN,SAN MARTIN,SAN ANTONIO,210616
220913,SAN MARTIN,SAN MARTIN,SAUCE,210619
220914,SAN MARTIN,SAN MARTIN,SHAPAJA,210620
221001,SAN MARTIN,TOCACHE,TOCACHE,210801
221002,SAN MARTIN,TOCACHE,NUEVO PROGRESO,210802
221003,SAN MARTIN,TOCACHE,POLVORA,210803
221004,SAN MARTIN,TOCACHE,SHUNTE,210804
221005,SAN MARTIN,TOCACHE,UCHIZA,210805
230101,TACNA,TACNA,TACNA,220101
230102,TACNA,TACNA,ALTO DE LA ALIANZA,220111
230103,TACNA,TACNA,CALANA,220102
230104,TACNA,TACNA,CIUDAD NUEVA,220112
230105,TACNA,TACNA,INCLAN,220104
230106,TACNA,TACNA,PACHIA,220107
230107,TACNA,TACNA,PALCA,220108
230108,TACNA,TACNA,POCOLLAY,220109
230109,TACNA,TACNA,SAMA,220110
230110,TACNA,TACNA,CORONEL GREGORIO ALBARRACIN LANCHIPA,220113
230111,TACNA,TACNA,LA YARADA LOS PALOS,220114
230201,TACNA,CANDARAVE,CANDARAVE,220401
230202,TACNA,CANDARAVE,CAIRANI,220402
230203,TACNA,CANDARAVE,CAMILACA,220406
230204,TACNA,CANDARAVE,CURIBAYA,220403
230205,TACNA,CANDARAVE,HUANUARA,220404
230206,TACNA,CANDARAVE,QUILAHUANI,220405
230301,TACNA,JORGE BASADRE,LOCUMBA,220301
230302,TACNA,JORGE BASADRE,ILABAYA,220303
230303,TACNA,JORGE BASADRE,ITE,220302
230401,TACNA,TARATA,TARATA,220201
230402,TACNA,TARATA,HEROES ALBARRACIN,220205
230403,TACNA,TARATA,ESTIQUE,220206
230404,TACNA,TARATA,ESTIQUE-PAMPA,220207
230405,TACNA,TARATA,SITAJARA,220210
230406,TACNA,TARATA,SUSAPAYA,220211
230407,TACNA,TARATA,TARUCACHI,220212
230408,TACNA,TARATA,TICACO,220213
240101,TUMBES,TUMBES,TUMBES,230101
240102,TUMBES,TUMBES,CORRALES,230102
240103,TUMBES,TUMBES,LA CRUZ,230103
240104,TUMBES,TUMBES,PAMPAS DE HOSPITAL,230104
240105,TUMBES,TUMBES,SAN JACINTO,230105
240106,TUMBES,TUMBES,SAN JUAN DE LA VIRGEN,230106
240201,TUMBES,CONTRALMIRANTE VILLAR,ZORRITOS,230201
240202,TUMBES,CONTRALMIRANTE VILLAR,CASITAS,230202
240203,TUMBES,CONTRALMIRANTE VILLAR,CANOAS DE PUNTA SAL,230203
240301,TUMBES,ZARUMILLA,ZARUMILLA,230301
240302,TUMBES,ZARUMILLA,AGUAS VERDES,230304
240303,TUMBES,ZARUMILLA,MATAPALO,230302
240304,TUMBES,ZARUMILLA,PAPAYAL,230303
250101,UCAYALI,CORONEL PORTILLO,CALLERIA,250101
250102,UCAYALI,CORONEL PORTILLO,CAMPOVERDE,250104
250103,UCAYALI,CORONEL PORTILLO,IPARIA,250105
250104,UCAYALI,CORONEL PORTILLO,MASISEA,250103
250105,UCAYALI,CORONEL PORTILLO,YARINACOCHA,250102
250106,UCAYALI,CORONEL PORTILLO,NUEVA REQUENA,250106
250107,UCAYALI,CORONEL PORTILLO,MANANTAY,250107
250201,UCAYALI,ATALAYA,RAYMONDI,250301
250202,UCAYALI,ATALAYA,SEPAHUA,250304
250203,UCAYALI,ATALAYA,TAHUANIA,250302
250204,UCAYALI,ATALAYA,YURUA,250303
250301,UCAYALI,PADRE ABAD,PADRE ABAD,250201
250302,UCAYALI,PADRE ABAD,IRAZOLA,250202
250303,UCAYALI,PADRE ABAD,CURIMANA,250203
250304,UCAYALI,PADRE ABAD,NESHUYA,250204
250305,UCAYALI,PADRE ABAD,ALEXANDER VON HUMBOLDT,250205
250401,UCAYALI,PURUS,PURUS,250401
